PassengerId,Survived,Pclass,Name,Sex,Age,SibSp,Parch,Ticket,Fare,Cabin,Embarked,Has_Cabin,Family_Size,Is_Alone,Age_Group,Fare_Category
1,0,2,"Anderson, Mr. John",male,13.433678347343116,0,0,T77221,16.17008908781584,,S,0,1,1,Teen,High
2,1,3,"Harris, Ms. Emma",female,25.166963730800667,0,0,T12747,0.2297907412936776,,C,0,1,1,Adult,Low
3,1,3,"Moore, Mrs. Mary",female,38.30517555355664,0,0,T83969,2.3143621484884758,,S,0,1,1,Middle-aged,Low
4,0,1,"Johnson, Mr. Henry",male,43.63547027518508,0,0,T50757,94.17836254625388,,S,0,1,1,Middle-aged,Very High
5,0,3,"Thomas, Mr. George",male,7.90818890040569,0,2,T22185,6.087116708338403,,S,0,3,0,Child,Medium
6,1,3,"Taylor, Ms. Mary",female,20.78454826174996,0,3,T23986,3.7464261172462288,,S,0,4,0,Adult,Low
7,0,1,"Thomas, Mr. William",male,35.98702916142991,1,0,T89575,90.0236074810181,,S,0,2,0,Middle-aged,Very High
8,0,3,"Thomas, Master. John",male,30.06290435066688,1,0,T97054,3.8593784923688688,,S,0,2,0,Adult,Low
9,1,1,"Thomas, Ms. Emma",female,39.37641164803254,1,0,T85450,48.414428027480426,D13,C,1,2,0,Middle-aged,Very High
10,0,3,"Smith, Master. James",male,28.59963618078791,0,2,T54262,8.426265582269561,,S,0,3,0,Adult,Medium
11,0,1,"Johnson, Master. Henry",male,18.0,0,0,T49353,84.95631119896643,A113,C,1,1,1,Teen,Very High
12,1,3,"Davis, Ms. Elizabeth",female,18.81527567483582,0,0,T36309,6.241416633512457,,S,0,1,1,Adult,Medium
13,1,3,"Williams, Miss. Margaret",female,44.63912035310539,0,0,T61663,1.7316488776307457,,S,0,1,1,Middle-aged,Low
14,1,2,"Johnson, Miss. Mary",female,21.493758597493688,0,2,T11802,22.37650792929061,,S,0,3,0,Adult,High
15,0,3,"Wilson, Rev. Henry",male,39.614048552861206,0,0,T39855,9.771506712837049,,S,0,1,1,Middle-aged,Medium
16,1,2,"Brown, Master. James",male,25.003149786191376,1,1,T58354,22.1009137277219,,S,0,3,0,Adult,High
17,0,3,"Smith, Ms. Margaret",female,1.0,5,0,T68871,3.319743344068805,,C,0,6,0,Child,Low
18,0,2,"Thomas, Mr. Charles",male,10.540017749386422,0,3,T49790,19.20682949465628,F21,S,1,4,0,Child,High
19,1,3,"Thomas, Ms. Margaret",female,25.166963730800667,0,0,T55236,5.578010103877403,,S,0,1,1,Adult,Medium
20,1,3,"Miller, Mrs. Bertha",female,34.996006917289286,1,0,T46631,7.834482966791159,,S,0,2,0,Adult,Medium
21,1,2,"Thomas, Miss. Alice",female,11.559657098032169,0,1,T60993,16.892126613898842,,S,0,2,0,Child,High
22,0,3,"Brown, Rev. Frank",male,14.805490508913328,0,0,T20966,7.93962600329019,,C,0,1,1,Teen,Medium
23,0,3,"Williams, Master. Charles",male,27.4665329087325,0,0,T97142,3.0364125466104848,,Q,0,1,1,Adult,Low
24,0,2,"Moore, Master. Henry",male,25.95617060278669,0,2,T89634,11.940308292942582,,S,0,3,0,Adult,High
25,0,1,"Smith, Mr. Charles",male,26.42271383364867,0,0,T55543,111.9693115273062,,S,0,1,1,Adult,Very High
26,0,3,"Harris, Rev. James",male,6.42435527409744,0,0,T64340,21.439164827289662,,C,0,1,1,Child,High
27,0,3,"Moore, Rev. John",male,24.727810027406324,0,0,T78385,2.917342455741908,,S,0,1,1,Adult,Low
28,0,3,"Thomas, Master. William",male,38.61686013658308,2,2,T69275,18.24561707418647,,S,0,5,0,Middle-aged,High
29,0,1,"Anderson, Mr. John",male,55.05526127950186,0,0,T37350,86.86324479776088,,S,0,1,1,Middle-aged,Very High
30,0,2,"Moore, Mr. George",male,28.602099593613065,1,0,T99084,5.562318409548559,,S,0,2,0,Adult,Medium
31,0,2,"Wilson, Mr. Henry",male,20.386566979227133,0,0,T30150,16.63024466599544,,Q,0,1,1,Adult,High
32,0,1,"Williams, Master. Henry",male,18.0,0,0,T69163,77.3168707634089,C76,S,1,1,1,Teen,Very High
33,0,3,"Harris, Master. Henry",male,10.915756659004172,0,0,T31545,2.156881482453094,,C,0,1,1,Child,Low
34,0,3,"Johnson, Master. James",male,13.443039244904838,0,1,T56732,5.140946435219886,,C,0,2,0,Teen,Low
35,1,3,"White, Ms. Margaret",female,31.23709661793938,1,1,T45909,1.6087404400894432,,S,0,3,0,Adult,Low
36,0,2,"Smith, Mr. Henry",male,18.85932686514061,0,0,T35470,5.022642524445859,,S,0,1,1,Adult,Low
37,1,3,"Taylor, Mrs. Alice",female,13.142927678532716,0,0,T30559,6.435718020334583,F61,S,1,1,1,Teen,Medium
38,1,3,"Anderson, Mrs. Elizabeth",female,15.174611804613596,5,0,T20975,2.815797531595791,,S,0,6,0,Teen,Low
39,1,3,"White, Miss. Elizabeth",female,25.166963730800667,0,0,T65284,3.464696542684674,G145,Q,1,1,1,Adult,Low
40,1,1,"Taylor, Ms. Mary",female,40.25590679714311,0,0,T18415,81.21347146701787,,S,0,1,1,Middle-aged,Very High
41,0,3,"Jones, Mr. Henry",male,39.52021850922475,1,1,T28384,0.3290759805466308,,S,0,3,0,Middle-aged,Low
42,0,3,"Anderson, Master. George",male,12.381886538694648,2,1,T47744,5.177344627705075,F4,Q,1,4,0,Teen,Low
43,1,1,"Johnson, Master. Frank",male,18.0,1,0,T91317,69.09215271177104,B75,Q,1,2,0,Teen,Very High
44,0,3,"Moore, Master. James",male,60.54960907695249,1,0,T49811,17.823367709518426,,S,0,2,0,Senior,High
45,1,3,"Davis, Miss. Bertha",female,25.166963730800667,0,0,T16254,7.0566571965367775,,S,0,1,1,Adult,Medium
46,0,3,"Thomas, Mr. John",male,32.843159953590074,0,1,T67108,2.9786763022210896,F122,Q,1,2,0,Adult,Low
47,1,2,"Anderson, Miss. Emma",female,1.0,1,0,T32574,17.594289525024244,,C,0,2,0,Child,High
48,0,3,"Anderson, Rev. Frank",male,25.00138630592549,0,1,T38699,3.541092674369428,,S,0,2,0,Adult,Low
49,1,3,"Wilson, Ms. Margaret",female,25.166963730800667,0,0,T98869,10.129314406613409,,C,0,1,1,Adult,Medium
50,1,3,"Johnson, Ms. Emma",female,3.152917198642609,0,0,T16371,7.79198045012336,,S,0,1,1,Child,Medium
51,0,3,"Miller, Mr. Charles",male,3.676932655675056,1,0,T38024,2.353164795150843,,S,0,2,0,Child,Low
52,0,1,"Jones, Mr. George",male,49.96226306717472,0,3,T56514,81.27063373513326,A79,S,1,4,0,Middle-aged,Very High
53,1,1,"Johnson, Miss. Emma",female,18.0,0,0,T57362,79.52272473988879,,C,0,1,1,Teen,Very High
54,0,3,"Smith, Rev. Frank",male,33.772624945461786,0,0,T36614,2.685569176152865,,S,0,1,1,Adult,Low
55,0,3,"Harris, Master. George",male,17.882316631487463,2,0,T68596,2.0902831733672325,,S,0,3,0,Teen,Low
56,0,3,"Miller, Ms. Alice",female,35.39310882762766,0,0,T49711,8.004554686101816,,S,0,1,1,Middle-aged,Medium
57,0,3,"White, Master. George",male,8.052983773028842,0,0,T93122,1.3238866534353044,,S,0,1,1,Child,Low
58,0,3,"Williams, Master. Charles",male,38.581088890792174,0,0,T56197,11.12437794820005,,S,0,1,1,Middle-aged,High
59,0,3,"Moore, Rev. Frank",male,10.739327726537178,0,1,T81315,36.871231566971126,,S,0,2,0,Child,Very High
60,1,2,"Anderson, Miss. Alice",female,40.39164006339311,2,0,T37306,6.350841306831059,,S,0,3,0,Middle-aged,Medium
61,0,3,"Wilson, Mr. Henry",male,16.21613561871532,0,1,T73374,4.421750418887896,,Q,0,2,0,Teen,Low
62,1,3,"Thomas, Ms. Margaret",female,12.186620680050888,0,1,T46368,8.020007159428873,,S,0,2,0,Teen,Medium
63,1,3,"Miller, Miss. Elizabeth",female,39.543566031567,0,0,T29816,3.6720412821112967,,S,0,1,1,Middle-aged,Low
64,0,3,"Harris, Mr. Charles",male,25.00138630592549,0,0,T37952,1.8152574035857687,,S,0,1,1,Adult,Low
65,0,3,"Davis, Mr. Henry",male,1.0,1,0,T62487,1.4671524785679664,,C,0,2,0,Child,Low
66,0,3,"Wilson, Miss. Emma",female,64.14445791669388,0,1,T73230,5.426465455256601,,Q,0,2,0,Senior,Low
67,1,3,"Johnson, Ms. Bertha",female,39.34001214491146,0,0,T96925,11.814470229233905,,S,0,1,1,Middle-aged,High
68,1,1,"Miller, Miss. Alice",female,23.893793381481466,0,0,T86918,52.60873284366121,D11,Q,1,1,1,Adult,Very High
69,0,3,"Harris, Rev. James",male,49.70561707967806,0,3,T38529,4.996216133369303,F128,C,1,4,0,Middle-aged,Low
70,0,3,"Moore, Master. Charles",male,28.60462528415721,0,0,T66133,2.5967799564549785,,S,0,1,1,Adult,Low
71,1,3,"Jones, Miss. Anna",female,21.886473921570207,0,1,T69052,8.078126104046433,,C,0,2,0,Adult,Medium
72,0,2,"Williams, Rev. William",male,25.95617060278669,0,0,T67492,21.383056597235885,,Q,0,1,1,Adult,High
73,1,3,"Harris, Ms. Mary",female,54.13840519471199,2,0,T77298,5.214387370030454,,Q,0,3,0,Middle-aged,Low
74,1,3,"Jones, Ms. Anna",female,1.0,0,0,T34354,5.013991258228528,,S,0,1,1,Child,Low
75,0,1,"Smith, Rev. Charles",male,35.98702916142991,0,0,T10338,91.03776348842246,,S,0,1,1,Middle-aged,Very High
76,0,3,"Davis, Rev. Charles",male,39.14198044600066,0,0,T54813,9.140400913024,,S,0,1,1,Middle-aged,Medium
77,0,2,"Thomas, Rev. George",male,31.90762762028356,2,0,T84910,14.184327151171988,,C,0,3,0,Adult,High
78,0,3,"Davis, Master. John",male,25.416585952940437,0,0,T89273,16.199264332719036,,S,0,1,1,Adult,High
79,0,3,"White, Master. James",male,25.00138630592549,0,0,T55084,8.446215623370648,,C,0,1,1,Adult,Medium
80,0,1,"Williams, Master. John",male,27.834364915624327,0,0,T34951,54.64951333999319,A3,S,1,1,1,Adult,Very High
81,0,3,"Anderson, Rev. Frank",male,21.56902534357129,0,2,T10806,3.0669707861772584,,S,0,3,0,Adult,Low
82,0,3,"Wilson, Mr. John",male,25.00138630592549,5,0,T71665,7.5636931825142195,,Q,0,6,0,Adult,Medium
83,0,1,"Wilson, Mr. Charles",male,45.38676896012224,0,2,T71413,106.65097056430167,,S,0,3,0,Middle-aged,Very High
84,0,3,"Anderson, Master. James",male,25.00138630592549,1,0,T35931,4.132345170477804,,S,0,2,0,Adult,Low
85,0,3,"Brown, Master. Charles",male,21.703605889134288,0,2,T19516,7.208087476238133,,S,0,3,0,Adult,Medium
86,1,3,"White, Miss. Margaret",female,2.0484522527032105,1,1,T93624,9.351881822076743,,S,0,3,0,Child,Medium
87,0,3,"Davis, Mr. Frank",male,15.911321451348488,1,1,T32890,9.468934266888995,,C,0,3,0,Teen,Medium
88,0,1,"Harris, Master. William",male,34.614295286460006,0,0,T11007,78.72725596153728,B88,S,1,1,1,Adult,Very High
89,0,1,"Smith, Master. Frank",male,20.21869992979533,1,1,T73888,71.80080739365587,D17,S,1,3,0,Adult,Very High
90,1,1,"White, Mrs. Anna",female,68.30602945523168,0,0,T21745,66.25850567107611,C58,C,1,1,1,Senior,Very High
91,1,3,"Thomas, Miss. Emma",female,43.1812362783007,0,1,T62930,7.238326338672416,,C,0,2,0,Middle-aged,Medium
92,0,1,"Thomas, Master. Henry",male,32.844674780933246,0,0,T92711,109.4721334166055,C64,S,1,1,1,Adult,Very High
93,0,3,"Williams, Master. William",male,25.00138630592549,1,1,T15655,10.063004402963282,,C,0,3,0,Adult,Medium
94,0,3,"Johnson, Mr. Charles",male,25.00138630592549,0,0,T15109,9.25617912448098,,S,0,1,1,Adult,Medium
95,0,3,"Miller, Miss. Emma",female,18.667711530512925,0,0,T53408,8.778900990242338,,C,0,1,1,Adult,Medium
96,0,3,"Miller, Rev. John",male,31.7042102950457,0,0,T60069,3.088064045383861,,C,0,1,1,Adult,Low
97,0,3,"Thomas, Mr. John",male,25.527243264351128,0,0,T36015,8.19300505008766,,S,0,1,1,Adult,Medium
98,0,3,"Miller, Rev. John",male,13.820365581513446,0,1,T46877,16.046069425363388,,S,0,2,0,Teen,High
99,0,3,"Johnson, Master. Frank",male,27.766394465693597,0,0,T99899,19.55959497108908,,C,0,1,1,Adult,High
100,1,3,"Moore, Miss. Bertha",female,22.14357186626515,0,0,T82541,1.800125690990213,,S,0,1,1,Adult,Low
101,0,3,"Moore, Master. Henry",male,18.36155956998135,0,3,T36017,1.4166781076700183,,S,0,4,0,Adult,Low
102,0,3,"Johnson, Mrs. Emma",female,53.02431943542189,0,0,T21561,4.444764886891959,,S,0,1,1,Middle-aged,Low
103,0,1,"Johnson, Mr. George",male,47.33834500013872,0,1,T71272,93.16508898018996,,C,0,2,0,Middle-aged,Very High
104,0,3,"Harris, Mrs. Elizabeth",female,1.0,0,0,T81260,3.438656824382955,,S,0,1,1,Child,Low
105,0,1,"Miller, Rev. Henry",male,26.597760916131183,2,0,T19847,57.83664042752108,,S,0,3,0,Adult,Very High
106,1,1,"Jones, Mrs. Elizabeth",female,18.0,0,0,T43997,76.36714538544037,,S,0,1,1,Teen,Very High
107,0,3,"Davis, Master. George",male,25.00138630592549,0,3,T19110,2.62314381225035,,S,0,4,0,Adult,Low
108,1,1,"Moore, Ms. Bertha",female,47.19160857593855,3,0,T58320,61.42081826498521,,S,0,4,0,Middle-aged,Very High
109,1,2,"Moore, Miss. Mary",female,31.572795884722588,1,0,T29508,15.10884133100108,D147,S,1,2,0,Adult,High
110,1,2,"Miller, Mrs. Margaret",female,40.23459235247564,5,0,T39165,11.573994513281466,,C,0,6,0,Middle-aged,High
111,0,3,"White, Rev. George",male,20.52620532753287,0,0,T19108,12.859572543373645,,S,0,1,1,Adult,High
112,1,2,"Jones, Miss. Anna",female,51.98821224190917,0,0,T14760,21.61705744222508,E117,S,1,1,1,Middle-aged,High
113,0,2,"Williams, Rev. James",male,51.74134882040297,1,0,T97163,16.214586585951054,,S,0,2,0,Middle-aged,High
114,1,3,"Harris, Mrs. Elizabeth",female,14.444495755866532,0,0,T41010,5.319767432821524,,S,0,1,1,Teen,Low
115,1,3,"Williams, Mrs. Elizabeth",female,23.120246552994853,1,0,T84172,5.8777778571404005,,C,0,2,0,Adult,Medium
116,0,3,"Anderson, Rev. John",male,26.7531430370707,2,0,T47384,4.685992102652327,,Q,0,3,0,Adult,Low
117,0,2,"Moore, Rev. George",male,11.585914704522008,1,0,T75681,9.972467691084445,,S,0,2,0,Child,Medium
118,0,3,"Wilson, Rev. John",male,25.00138630592549,1,1,T33711,5.754890685294871,,S,0,3,0,Adult,Medium
119,0,2,"Williams, Master. William",male,27.182510203732036,4,0,T72438,9.410787343746144,,S,0,5,0,Adult,Medium
120,0,3,"Taylor, Mr. George",male,47.94763527621694,0,0,T79249,2.44482309589201,,S,0,1,1,Middle-aged,Low
121,1,3,"Anderson, Mrs. Elizabeth",female,15.041819253352472,1,0,T19686,1.8271027133298927,,S,0,2,0,Teen,Low
122,1,3,"White, Ms. Emma",female,22.352859431733773,0,0,T56479,5.117314112748014,,C,0,1,1,Adult,Low
123,0,1,"Johnson, Master. George",male,35.98702916142991,1,1,T86559,59.392784880267214,D32,C,1,3,0,Middle-aged,Very High
124,1,1,"Thomas, Ms. Emma",female,20.64875494495916,0,0,T75450,54.418830188975136,B55,C,1,1,1,Adult,Very High
125,1,3,"Jones, Miss. Bertha",female,26.14561101966591,0,1,T50461,6.168930603304722,,S,0,2,0,Adult,Medium
126,1,1,"Harris, Mrs. Emma",female,39.309724610128455,2,0,T41552,88.76829893765087,,S,0,3,0,Middle-aged,Very High
127,0,1,"Harris, Mr. Henry",male,32.42430645060649,0,0,T21871,62.34444631899259,D12,S,1,1,1,Adult,Very High
128,1,3,"Anderson, Miss. Bertha",female,1.809939887603896,0,0,T59841,15.487330121793075,,S,0,1,1,Child,High
129,0,2,"Davis, Mr. Charles",male,25.95617060278669,0,1,T64823,9.5804112445451,,S,0,2,0,Adult,Medium
130,1,1,"Jones, Mrs. Bertha",female,29.5931735258009,1,0,T37605,71.2407856657689,,S,0,2,0,Adult,Very High
131,0,2,"Johnson, Mr. John",male,47.57909342819133,0,0,T70428,16.66054427354537,,S,0,1,1,Middle-aged,High
132,1,3,"Williams, Mrs. Emma",female,25.166963730800667,0,0,T39300,16.516765501022686,,S,0,1,1,Adult,High
133,1,3,"Smith, Miss. Mary",female,31.199289334292818,1,0,T13191,15.034307993484964,,C,0,2,0,Adult,High
134,0,3,"Thomas, Ms. Mary",female,23.773064390569317,1,1,T33472,7.486804250974932,,S,0,3,0,Adult,Medium
135,0,3,"Harris, Mr. John",male,25.00138630592549,4,0,T26531,11.65781471675058,,C,0,5,0,Adult,High
136,0,3,"Anderson, Mr. Henry",male,42.1885316374702,1,0,T38270,15.375261351643656,,S,0,2,0,Middle-aged,High
137,0,3,"Williams, Master. Charles",male,1.0,0,0,T67713,16.14644341001824,,C,0,1,1,Child,High
138,0,2,"Anderson, Mr. James",male,36.78722013160924,0,0,T36806,17.78634262422755,,S,0,1,1,Middle-aged,High
139,0,2,"Thomas, Rev. James",male,44.01510272233723,2,0,T58758,12.61450871301813,,S,0,3,0,Middle-aged,High
140,1,3,"Thomas, Miss. Emma",female,21.12461380155511,0,1,T96250,12.388699467941397,,S,0,2,0,Adult,High
141,1,1,"Jones, Mrs. Margaret",female,39.106794885057795,1,1,T67804,92.42740042150903,,S,0,3,0,Middle-aged,Very High
142,0,3,"Jones, Mr. George",male,50.35925040130974,1,0,T75095,10.432898364685553,,S,0,2,0,Middle-aged,Medium
143,1,3,"Williams, Miss. Mary",female,25.166963730800667,1,0,T77695,14.112305341853432,,S,0,2,0,Adult,High
144,0,3,"Moore, Rev. Charles",male,12.986522373245291,1,0,T64341,11.914045495430512,,S,0,2,0,Teen,High
145,0,2,"Williams, Mr. Charles",male,40.16923742269184,1,0,T71627,6.672937074695833,,S,0,2,0,Middle-aged,Medium
146,0,2,"Thomas, Rev. George",male,4.34867663226914,1,0,T24226,19.31805499593751,,S,0,2,0,Child,High
147,0,2,"Harris, Mr. George",male,25.95617060278669,1,0,T20258,8.498554257580139,,S,0,2,0,Adult,Medium
148,0,2,"Harris, Rev. Frank",male,25.95617060278669,0,0,T93930,15.266748741526742,,S,0,1,1,Adult,High
149,0,3,"Moore, Mr. William",male,33.07461292670301,0,0,T94530,11.10417389833562,,S,0,1,1,Adult,High
150,1,3,"Smith, Mrs. Margaret",female,48.45766350962279,0,0,T66614,10.929970432524906,,C,0,1,1,Middle-aged,Medium
151,1,3,"Moore, Mrs. Elizabeth",female,25.166963730800667,0,0,T33252,6.14960171980701,,S,0,1,1,Adult,Medium
152,1,2,"Johnson, Ms. Elizabeth",female,25.829295513378625,0,0,T15347,16.518308059946836,,C,0,1,1,Adult,High
153,1,3,"Jones, Mrs. Mary",female,1.0,1,0,T12539,2.646265262461351,F149,C,1,2,0,Child,Low
154,1,3,"Moore, Miss. Elizabeth",female,29.10981105033281,0,3,T17345,1.828570377778609,,C,0,4,0,Adult,Low
155,0,1,"Johnson, Mr. Charles",male,53.18101797055788,1,0,T57945,44.70685053050168,,S,0,2,0,Middle-aged,Very High
156,1,3,"Smith, Ms. Bertha",female,25.166963730800667,1,0,T26994,3.1934196932703798,,S,0,2,0,Adult,Low
157,1,1,"White, Mrs. Margaret",female,39.106794885057795,0,0,T28133,97.83483543840472,,S,0,1,1,Middle-aged,Very High
158,0,3,"Jones, Rev. William",male,37.363536880060224,0,0,T89025,6.272741165027272,,S,0,1,1,Middle-aged,Medium
159,1,3,"Thomas, Mrs. Anna",female,37.86920508405285,0,0,T47991,3.777379414227549,,S,0,1,1,Middle-aged,Low
160,0,3,"Brown, Master. Frank",male,20.313145350508428,0,2,T21205,4.791930612545559,,S,0,3,0,Adult,Low
161,0,3,"Jones, Rev. William",male,23.885020522559987,4,0,T36170,9.286181508359702,,S,0,5,0,Adult,Medium
162,0,3,"Thomas, Master. Henry",male,13.724794421295186,1,1,T40090,10.24535506569748,,S,0,3,0,Teen,Medium
163,0,3,"Brown, Master. James",male,18.022926509305748,0,0,T28099,13.219051958579636,,Q,0,1,1,Adult,High
164,0,3,"Anderson, Master. William",male,3.741714784493638,1,0,T97969,15.373629700183171,,C,0,2,0,Child,High
165,0,1,"Harris, Mr. Charles",male,35.98702916142991,0,4,T19528,95.08731661105136,,C,0,5,0,Middle-aged,Very High
166,0,3,"Harris, Master. Frank",male,19.706794586233315,1,0,T93297,8.23274803235169,,C,0,2,0,Adult,Medium
167,0,3,"Harris, Mr. William",male,35.45184133953498,3,0,T28351,4.266740646201313,,S,0,4,0,Middle-aged,Low
168,0,3,"White, Master. Charles",male,23.732534047741748,0,2,T14493,2.908876474330362,,S,0,3,0,Adult,Low
169,1,1,"Thomas, Ms. Elizabeth",female,39.106794885057795,0,0,T81363,99.54599839879964,,Q,0,1,1,Middle-aged,Very High
170,0,3,"Thomas, Mr. William",male,23.5377109404754,1,0,T68643,5.832323919405856,G149,C,1,2,0,Adult,Medium
171,1,1,"Wilson, Ms. Bertha",female,52.62796444673644,1,0,T81853,87.89449621789502,,S,0,2,0,Middle-aged,Very High
172,1,2,"Miller, Miss. Margaret",female,30.22115216505714,2,0,T40795,18.10456481128452,,Q,0,3,0,Adult,High
173,1,2,"Moore, Ms. Elizabeth",female,45.79522146201995,4,0,T14378,20.7378598271388,,S,0,5,0,Middle-aged,High
174,1,3,"Thomas, Ms. Elizabeth",female,21.98302516752183,0,0,T68557,3.0327079848183565,,C,0,1,1,Adult,Low
175,0,2,"White, Mr. Henry",male,19.62825727234428,0,0,T59334,10.563356683188369,,S,0,1,1,Adult,Medium
176,1,3,"Moore, Miss. Alice",female,36.95198263955959,2,0,T82124,17.607503484033945,,Q,0,3,0,Middle-aged,High
177,0,3,"Williams, Master. John",male,25.00138630592549,0,0,T33377,3.633541857088088,,S,0,1,1,Adult,Low
178,0,2,"Johnson, Mr. John",male,26.04417665641228,1,0,T46636,8.52738741889162,,S,0,2,0,Adult,Medium
179,0,3,"Harris, Mr. James",male,20.782426705424783,0,0,T32785,5.158511213357672,,S,0,1,1,Adult,Low
180,0,3,"Johnson, Master. William",male,25.00138630592549,0,2,T20516,4.134599615807232,,C,0,3,0,Adult,Low
181,1,2,"Taylor, Ms. Anna",female,37.65878317901131,1,0,T92279,10.6651559449588,,S,0,2,0,Middle-aged,Medium
182,0,3,"Brown, Master. George",male,6.399526925662112,0,0,T50379,2.4318150548620205,,C,0,1,1,Child,Low
183,1,2,"Harris, Mrs. Alice",female,25.991105575957704,0,0,T93820,5.874573414372906,D31,S,1,1,1,Adult,Medium
184,0,1,"White, Mr. John",male,57.08731169898108,0,0,T63161,77.1095973531371,,S,0,1,1,Middle-aged,Very High
185,0,2,"Jones, Master. George",male,23.819845581650213,0,5,T46575,9.123458560859902,,C,0,6,0,Adult,Medium
186,0,1,"Jones, Rev. George",male,39.42499825245555,1,1,T53949,50.84788871892718,,C,0,3,0,Middle-aged,Very High
187,0,3,"Wilson, Master. Frank",male,17.402566803723694,0,0,T30219,24.136824391516427,,S,0,1,1,Teen,Very High
188,0,3,"Thomas, Mr. Henry",male,12.128615717790073,0,1,T36421,9.753607206353424,,S,0,2,0,Teen,Medium
189,0,1,"Davis, Master. Henry",male,42.07132240701414,0,0,T66115,69.74026440882754,B48,C,1,1,1,Middle-aged,Very High
190,1,2,"Williams, Ms. Bertha",female,28.47700422261286,1,0,T32190,4.219328879406822,E82,S,1,2,0,Adult,Low
191,0,3,"Davis, Master. Charles",male,68.92847947123991,0,0,T35518,1.76806937005038,,Q,0,1,1,Senior,Low
192,1,1,"Johnson, Rev. William",male,52.44633497319548,1,0,T66622,71.61622872537059,C30,S,1,2,0,Middle-aged,Very High
193,0,3,"Smith, Mr. Henry",male,14.540906889777018,0,0,T17295,9.69570592637436,,S,0,1,1,Teen,Medium
194,0,3,"Thomas, Rev. Frank",male,25.00138630592549,0,0,T29810,11.08726081600821,,C,0,1,1,Adult,High
195,0,3,"Thomas, Rev. Henry",male,25.00138630592549,0,1,T56092,3.6109630148079854,,S,0,2,0,Adult,Low
196,0,3,"Jones, Mr. William",male,29.706240647864576,0,0,T45596,6.978949851221263,,Q,0,1,1,Adult,Medium
197,0,2,"Johnson, Master. Frank",male,25.95617060278669,1,1,T35235,11.899146018697197,,S,0,3,0,Adult,High
198,0,3,"Taylor, Master. Henry",male,39.84293870498432,0,1,T47713,33.48357296492164,,S,0,2,0,Middle-aged,Very High
199,0,2,"Wilson, Mr. George",male,25.95617060278669,0,1,T45205,18.995496784224585,,S,0,2,0,Adult,High
200,0,1,"White, Rev. John",male,61.94119603299723,0,0,T42441,82.40791640307789,C112,S,1,1,1,Senior,Very High
201,0,2,"Jones, Master. James",male,43.839167784828106,0,0,T64040,21.23476085941772,,S,0,1,1,Middle-aged,High
202,0,3,"Davis, Mr. George",male,42.30583010528705,0,0,T15355,13.140915065099476,,S,0,1,1,Middle-aged,High
203,0,3,"Anderson, Master. James",male,20.677903854100894,1,0,T93692,4.930221318326237,,S,0,2,0,Adult,Low
204,0,3,"Miller, Miss. Emma",female,54.453285289783736,3,0,T83016,5.045893500433158,,C,0,4,0,Middle-aged,Low
205,1,3,"Wilson, Miss. Margaret",female,52.50573067156472,0,0,T46021,5.554488126398429,,S,0,1,1,Middle-aged,Low
206,0,3,"Wilson, Rev. Frank",male,11.079108755480828,0,1,T81354,7.3098971463359055,,C,0,2,0,Child,Medium
207,1,1,"Williams, Ms. Alice",female,39.106794885057795,0,1,T56607,109.43588970326265,,S,0,2,0,Middle-aged,Very High
208,0,3,"Thomas, Master. John",male,42.667074274241486,0,0,T12204,7.638459846990957,,S,0,1,1,Middle-aged,Medium
209,1,3,"Taylor, Miss. Mary",female,27.122663583048823,0,0,T59429,6.798833503728305,,S,0,1,1,Adult,Medium
210,0,3,"Williams, Mr. James",male,18.55430738105061,0,3,T84218,12.2034389711319,,C,0,4,0,Adult,High
211,0,2,"Johnson, Master. William",male,31.319225209959452,1,2,T86721,11.661197059742918,,C,0,4,0,Adult,High
212,0,2,"Anderson, Master. Charles",male,26.33945350997908,1,0,T47853,11.808907129577657,,C,0,2,0,Adult,High
213,1,1,"Wilson, Ms. Alice",female,31.561333695520077,3,0,T15451,89.57559321459321,C90,S,1,4,0,Adult,Very High
214,0,3,"Harris, Mrs. Elizabeth",female,32.49198009637449,0,0,T18199,11.40727562218319,G8,C,1,1,1,Adult,High
215,0,3,"Jones, Rev. William",male,25.00138630592549,0,1,T46777,5.17719488159968,,S,0,2,0,Adult,Low
216,1,1,"Brown, Ms. Anna",female,37.98937108135031,1,0,T29702,71.17127872061172,B9,C,1,2,0,Middle-aged,Very High
217,0,3,"Moore, Master. James",male,24.074143395238487,0,0,T62160,1.1698272924856807,F91,S,1,1,1,Adult,Low
218,0,3,"Jones, Mr. George",male,25.00138630592549,1,0,T36536,4.7140711822926455,G98,S,1,2,0,Adult,Low
219,0,3,"Williams, Rev. John",male,37.96742050134848,0,0,T80093,4.50799374627824,,S,0,1,1,Middle-aged,Low
220,1,3,"Anderson, Ms. Bertha",female,17.289903260262843,1,0,T56976,2.6474399241693827,,S,0,2,0,Teen,Low
221,1,3,"Harris, Miss. Bertha",female,15.858588122390644,1,0,T53884,15.10060521761911,,S,0,2,0,Teen,High
222,0,3,"Williams, Rev. Frank",male,22.57055439350977,1,0,T67727,4.201900275023355,,S,0,2,0,Adult,Low
223,1,3,"Taylor, Miss. Emma",female,34.32837501272897,0,0,T26589,9.35215840080506,,S,0,1,1,Adult,Medium
224,0,3,"Wilson, Rev. Frank",male,28.55405692620419,0,0,T40881,18.493869759894128,,C,0,1,1,Adult,High
225,0,2,"Anderson, Mr. James",male,35.65512448086097,0,0,T12610,13.072848037549836,,S,0,1,1,Middle-aged,High
226,1,1,"Smith, Miss. Margaret",female,39.106794885057795,1,0,T76899,75.08725922953232,,Q,0,2,0,Middle-aged,Very High
227,0,3,"Brown, Rev. George",male,24.049711190978325,2,0,T80482,2.46892073984421,,S,0,3,0,Adult,Low
228,0,1,"Brown, Master. William",male,32.193504462883986,0,0,T77391,95.54166059148014,C27,S,1,1,1,Adult,Very High
229,1,2,"Brown, Ms. Margaret",female,37.05287022549193,0,0,T21889,18.992323553850085,,Q,0,1,1,Middle-aged,High
230,0,1,"Thomas, Mr. James",male,35.98702916142991,0,0,T29552,71.91570078367651,,S,0,1,1,Middle-aged,Very High
231,1,2,"Davis, Mrs. Bertha",female,21.49877951726783,1,0,T56220,5.594134134713811,,S,0,2,0,Adult,Medium
232,0,1,"Moore, Master. Frank",male,33.586026923096654,0,0,T65312,69.66674523579731,,S,0,1,1,Adult,Very High
233,0,1,"Anderson, Master. George",male,28.358640455771628,0,0,T51167,112.87448631638117,,S,0,1,1,Adult,Very High
234,0,3,"Miller, Master. William",male,23.832620146159897,0,0,T29233,7.672289504318647,,Q,0,1,1,Adult,Medium
235,0,2,"Jones, Master. William",male,6.950287427937667,0,0,T58442,20.900010047362933,E10,S,1,1,1,Child,High
236,0,1,"Harris, Mr. Charles",male,25.031514090825475,0,0,T87219,112.736151962487,,S,0,1,1,Adult,Very High
237,0,1,"Wilson, Mr. William",male,25.03413393628729,1,2,T78498,76.19315546190828,,S,0,4,0,Adult,Very High
238,0,3,"White, Master. William",male,39.83272742242674,0,2,T15039,9.678639254344963,,C,0,3,0,Middle-aged,Medium
239,1,2,"Smith, Mrs. Emma",female,4.937487499929695,0,1,T86162,23.995075138418624,,S,0,2,0,Child,Very High
240,0,2,"Johnson, Rev. Charles",male,23.489467877119687,0,1,T22855,25.84901028139722,D37,S,1,2,0,Adult,Very High
241,1,3,"White, Mrs. Mary",female,2.384869682125835,0,2,T56218,0.7119020075115292,,S,0,3,0,Child,Low
242,0,2,"Jones, Mr. Charles",male,25.95617060278669,0,2,T41781,15.697895835136572,,Q,0,3,0,Adult,High
243,0,3,"Jones, Rev. James",male,19.7341466663621,1,1,T31225,16.43892295681671,,S,0,3,0,Adult,High
244,1,3,"Jones, Miss. Mary",female,21.65226827695858,1,0,T21087,10.006268639982412,,Q,0,2,0,Adult,Medium
245,1,3,"White, Mrs. Mary",female,33.489992191661,0,0,T37518,8.245336634310558,,S,0,1,1,Adult,Medium
246,0,3,"Smith, Master. Frank",male,28.04964631317101,0,0,T23917,18.7593996038948,,S,0,1,1,Adult,High
247,0,2,"Brown, Master. Henry",male,22.468300955723212,1,0,T79166,22.5751231771732,,S,0,2,0,Adult,High
248,0,2,"Miller, Rev. Charles",male,54.67491713071297,4,0,T40049,17.771764166831296,,S,0,5,0,Middle-aged,High
249,1,3,"Moore, Ms. Bertha",female,30.131920600703708,1,0,T71744,6.154359937834032,,C,0,2,0,Adult,Medium
250,0,3,"Wilson, Master. George",male,25.00138630592549,1,0,T20655,11.150824349913051,,S,0,2,0,Adult,High
251,0,3,"White, Master. James",male,39.89759856668599,0,0,T59810,6.1665248137144495,,S,0,1,1,Middle-aged,Medium
252,1,3,"Johnson, Miss. Alice",female,12.44134997096643,0,0,T21064,3.760070028471452,,S,0,1,1,Teen,Low
253,0,2,"Taylor, Rev. John",male,13.90979464071934,0,0,T97923,9.99412876397456,,S,0,1,1,Teen,Medium
254,0,3,"Jones, Master. John",male,19.546510122075325,0,0,T74712,13.708213132722127,,S,0,1,1,Adult,High
255,0,3,"Jones, Rev. William",male,34.36109804224829,0,0,T86502,2.9609638272119403,,C,0,1,1,Adult,Low
256,0,3,"Johnson, Mr. William",male,10.544665350614446,0,0,T74551,8.939911764271883,,S,0,1,1,Child,Medium
257,0,2,"Harris, Master. William",male,16.291413477943117,1,0,T63442,26.33468154722212,,S,0,2,0,Teen,Very High
258,0,1,"Williams, Master. Charles",male,18.0,0,1,T35939,73.56843976488236,D23,S,1,2,0,Teen,Very High
259,0,2,"Anderson, Master. William",male,25.95617060278669,0,0,T12103,11.953018307234109,,S,0,1,1,Adult,High
260,0,2,"Taylor, Mr. Henry",male,35.88158969228233,1,1,T51258,17.266728791696167,,S,0,3,0,Middle-aged,High
261,0,3,"Thomas, Master. Henry",male,3.5019902751005176,0,0,T89818,2.674135511232861,,S,0,1,1,Child,Low
262,1,3,"Brown, Mrs. Margaret",female,25.166963730800667,1,0,T93178,5.484005551992727,,S,0,2,0,Adult,Low
263,0,3,"Harris, Rev. William",male,27.02842966335648,1,0,T94178,6.790864825951464,,Q,0,2,0,Adult,Medium
264,0,2,"Miller, Rev. Henry",male,1.0,0,1,T62113,6.915353758372296,E32,S,1,2,0,Child,Medium
265,0,2,"Miller, Rev. George",male,25.95617060278669,0,0,T49104,21.631310718371036,,S,0,1,1,Adult,High
266,0,3,"Thomas, Master. William",male,43.78066281743234,0,0,T66541,9.7490743568472,,S,0,1,1,Middle-aged,Medium
267,0,3,"Williams, Rev. Frank",male,25.00138630592549,0,0,T32439,16.171350606683774,,S,0,1,1,Adult,High
268,0,1,"Williams, Rev. William",male,35.98702916142991,0,1,T39768,84.70308098300492,C88,S,1,2,0,Middle-aged,Very High
269,0,1,"White, Master. Frank",male,49.98768229858099,0,2,T45903,71.0479679507467,,S,0,3,0,Middle-aged,Very High
270,0,1,"Williams, Rev. Charles",male,35.98702916142991,0,0,T55619,84.6552088512698,,C,0,1,1,Middle-aged,Very High
271,0,3,"Williams, Mr. Charles",male,1.1690142748798422,1,0,T25408,4.550918382225961,,C,0,2,0,Child,Low
272,0,1,"Thomas, Rev. George",male,35.98702916142991,0,1,T32765,49.31152152069453,E10,S,1,2,0,Middle-aged,Very High
273,1,3,"Moore, Miss. Bertha",female,22.89854089780293,0,1,T38018,6.081686416833571,,S,0,2,0,Adult,Medium
274,0,2,"Brown, Rev. James",male,20.10219022033835,4,1,T27618,7.641729142811378,,S,0,6,0,Adult,Medium
275,1,3,"White, Ms. Mary",female,18.008619819720806,0,0,T30789,6.890834478649405,,S,0,1,1,Adult,Medium
276,1,3,"Wilson, Ms. Emma",female,43.82546568142986,0,0,T82391,3.994519444181725,,S,0,1,1,Middle-aged,Low
277,1,3,"Miller, Ms. Bertha",female,17.4522821559143,1,0,T86537,9.72604273180668,F31,Q,1,2,0,Teen,Medium
278,0,3,"Harris, Mr. Henry",male,47.79684343147906,0,0,T81386,3.4371034962468947,,S,0,1,1,Middle-aged,Low
279,0,3,"Johnson, Rev. Charles",male,12.730613731765754,0,0,T62509,11.280423515285888,,S,0,1,1,Teen,High
280,0,2,"Jones, Master. George",male,25.95617060278669,0,0,T41923,21.521958440249584,,S,0,1,1,Adult,High
281,1,1,"Wilson, Miss. Emma",female,55.99457118778871,0,0,T93424,74.85138678723136,,C,0,1,1,Middle-aged,Very High
282,1,3,"Anderson, Miss. Bertha",female,25.166963730800667,0,1,T85476,17.10470881853686,,Q,0,2,0,Adult,High
283,1,2,"Johnson, Miss. Margaret",female,30.22115216505714,1,0,T68160,10.380868517801773,,S,0,2,0,Adult,Medium
284,0,3,"Williams, Master. Charles",male,47.09365280587058,0,1,T87475,13.16014016525717,,S,0,2,0,Middle-aged,High
285,0,3,"Thomas, Mr. Henry",male,44.45949696045884,0,0,T42551,5.217868227759293,,C,0,1,1,Middle-aged,Low
286,0,1,"Wilson, Master. John",male,42.86085542332341,0,2,T65805,60.013704523722986,,Q,0,3,0,Middle-aged,Very High
287,0,3,"Wilson, Mr. Frank",male,11.715168708452278,0,1,T77766,20.37328853287123,,S,0,2,0,Child,High
288,0,3,"Wilson, Rev. Frank",male,28.17112109540816,0,0,T29309,8.072396769125833,,S,0,1,1,Adult,Medium
289,1,1,"Taylor, Miss. Bertha",female,33.840259151510296,1,0,T63592,92.04698481690932,C40,S,1,2,0,Adult,Very High
290,0,3,"Taylor, Ms. Emma",female,10.60665029049298,4,0,T24011,6.177621242280469,,S,0,5,0,Child,Medium
291,1,3,"Smith, Mrs. Alice",female,25.166963730800667,0,0,T64710,6.331745769915337,,C,0,1,1,Adult,Medium
292,0,2,"Miller, Mr. James",male,35.30917777468517,1,1,T69993,4.13645646338324,,S,0,3,0,Middle-aged,Low
293,0,3,"Miller, Master. Charles",male,20.399607866718213,0,0,T19275,9.494303165166633,,S,0,1,1,Adult,Medium
294,0,1,"Thomas, Mr. Henry",male,44.92499442067045,2,0,T68829,93.0261558888858,,S,0,3,0,Middle-aged,Very High
295,0,1,"Williams, Mr. William",male,19.38149138958691,0,0,T60225,92.03610037163106,E125,S,1,1,1,Adult,Very High
296,0,2,"Miller, Rev. William",male,1.0,0,0,T15313,11.695879851429218,,S,0,1,1,Child,High
297,0,2,"Johnson, Master. Frank",male,24.105390139502305,0,1,T29229,13.676650920037757,,S,0,2,0,Adult,High
298,1,1,"Moore, Mr. Charles",male,28.41314716292053,0,2,T81545,83.2636606712656,,Q,0,3,0,Adult,Very High
299,1,3,"Brown, Mrs. Emma",female,25.166963730800667,0,0,T59028,4.923899132657835,G81,S,1,1,1,Adult,Low
300,0,3,"Jones, Mr. Henry",male,26.028083269375664,0,0,T60258,5.0761144490284025,,C,0,1,1,Adult,Low
301,0,2,"Harris, Mr. James",male,24.410470631202244,0,0,T16782,11.918891718729892,,S,0,1,1,Adult,High
302,1,1,"Miller, Mrs. Anna",female,39.106794885057795,0,1,T57224,76.56999603119341,,Q,0,2,0,Middle-aged,Very High
303,1,1,"Davis, Mr. George",male,35.98702916142991,1,0,T42443,83.62039422848838,C48,S,1,2,0,Middle-aged,Very High
304,1,1,"White, Miss. Bertha",female,61.46404278419045,0,0,T38202,86.18538226823924,,S,0,1,1,Senior,Very High
305,0,2,"Thomas, Miss. Elizabeth",female,30.22115216505714,0,0,T76630,14.939124255287716,,S,0,1,1,Adult,High
306,0,3,"Williams, Master. Henry",male,17.94512740076032,1,0,T90152,3.838096106824023,,S,0,2,0,Teen,Low
307,1,2,"Miller, Miss. Elizabeth",female,30.22115216505714,1,0,T93829,10.280346789235084,,Q,0,2,0,Adult,Medium
308,1,2,"Taylor, Ms. Emma",female,30.22115216505714,0,0,T38164,15.89690115367749,,C,0,1,1,Adult,High
309,0,2,"Moore, Rev. George",male,34.06856204202673,0,4,T32337,20.62099102719297,,S,0,5,0,Adult,High
310,1,2,"Smith, Mrs. Elizabeth",female,54.61468282402522,1,0,T54910,15.23469120886832,,S,0,2,0,Middle-aged,High
311,0,3,"Brown, Rev. Charles",male,30.95622809857841,0,1,T56250,10.175990498077596,,S,0,2,0,Adult,Medium
312,0,2,"White, Master. James",male,23.4542346281508,0,0,T18635,5.548246218174115,,Q,0,1,1,Adult,Low
313,0,3,"Moore, Mr. George",male,50.58753376129575,0,0,T15543,8.765702112471518,G89,S,1,1,1,Middle-aged,Medium
314,1,1,"Thomas, Mrs. Alice",female,27.58267570958505,0,0,T15197,107.14684090941071,,S,0,1,1,Adult,Very High
315,0,3,"White, Mrs. Emma",female,25.166963730800667,0,0,T89267,8.122457526227864,,S,0,1,1,Adult,Medium
316,0,3,"Thomas, Master. Frank",male,20.42126417744265,0,2,T44782,3.073403700433361,,S,0,3,0,Adult,Low
317,0,2,"Taylor, Master. Henry",male,19.028909308913285,0,0,T32394,15.554145904507871,,S,0,1,1,Adult,High
318,1,1,"Miller, Rev. James",male,47.69734306588656,0,0,T26709,101.30399322362354,,S,0,1,1,Middle-aged,Very High
319,0,3,"Smith, Master. Charles",male,26.8801509614691,0,0,T95886,3.34409530486116,,S,0,1,1,Adult,Low
320,0,2,"Brown, Rev. Frank",male,26.42614366989369,0,0,T89526,8.858735005100144,,S,0,1,1,Adult,Medium
321,0,3,"Brown, Master. John",male,25.00138630592549,0,0,T85986,8.499590062677038,,S,0,1,1,Adult,Medium
322,0,3,"Williams, Master. Frank",male,27.745840426334706,0,0,T52431,3.0030680184357514,,C,0,1,1,Adult,Low
323,0,2,"Thomas, Master. Frank",male,33.83105527724191,1,0,T83369,24.102101681811224,,C,0,2,0,Adult,Very High
324,0,2,"Taylor, Master. John",male,25.95617060278669,0,0,T89878,19.575709210645098,,S,0,1,1,Adult,High
325,0,2,"Smith, Master. George",male,43.14579356750918,0,0,T46386,22.11313474851397,,C,0,1,1,Middle-aged,High
326,1,1,"Miller, Mrs. Bertha",female,30.177715319663484,1,0,T65512,108.68105042889916,,S,0,2,0,Adult,Very High
327,1,1,"Taylor, Miss. Elizabeth",female,39.106794885057795,0,0,T19121,107.98219625617068,A1,C,1,1,1,Middle-aged,Very High
328,1,3,"Thomas, Mrs. Elizabeth",female,25.166963730800667,0,0,T71816,5.10605417663665,,S,0,1,1,Adult,Low
329,0,3,"Thomas, Rev. John",male,17.80186476870959,0,0,T44069,0.7645329548800286,,Q,0,1,1,Teen,Low
330,0,3,"Jones, Rev. Frank",male,28.647243905952543,0,0,T87713,2.769509185555334,,S,0,1,1,Adult,Low
331,0,1,"Johnson, Mr. Henry",male,35.98702916142991,1,0,T44493,53.303254366884026,D29,S,1,2,0,Middle-aged,Very High
332,0,3,"Williams, Rev. John",male,25.00138630592549,0,2,T80211,1.9715679287890215,,S,0,3,0,Adult,Low
333,0,2,"Jones, Mr. Henry",male,21.549640116219347,1,0,T82095,17.24644690236374,E119,S,1,2,0,Adult,High
334,0,3,"White, Rev. Frank",male,43.84716058683847,0,0,T21781,2.151684361647001,,S,0,1,1,Middle-aged,Low
335,0,3,"Miller, Rev. Henry",male,22.05766329091338,0,0,T16470,33.348405161948875,,C,0,1,1,Adult,Very High
336,0,3,"Harris, Master. Frank",male,1.0,0,0,T36299,4.156236008432493,,S,0,1,1,Child,Low
337,0,2,"Wilson, Rev. Henry",male,33.46824406128787,0,0,T28610,14.86639370954632,,C,0,1,1,Adult,High
338,0,2,"Johnson, Mrs. Bertha",female,30.54545494750776,1,0,T76677,17.55265930076647,,C,0,2,0,Adult,High
339,0,3,"Brown, Mr. James",male,12.435118115659066,1,4,T85179,1.9270779303935144,,S,0,6,0,Teen,Low
340,0,3,"Moore, Mr. Charles",male,25.00138630592549,0,1,T62349,12.780825654693258,,C,0,2,0,Adult,High
341,0,3,"Miller, Rev. Henry",male,12.102568439799308,0,0,T12887,3.7803377156187263,,S,0,1,1,Teen,Low
342,0,3,"Jones, Rev. James",male,26.452819715206104,0,0,T15974,5.695869821887322,,S,0,1,1,Adult,Medium
343,0,3,"Wilson, Mr. Charles",male,53.95068873428973,0,0,T39320,6.416671882543627,,Q,0,1,1,Middle-aged,Medium
344,0,3,"Wilson, Master. William",male,22.75495886537237,0,0,T84024,4.281613647803048,,S,0,1,1,Adult,Low
345,1,2,"Harris, Miss. Margaret",female,7.049968044883617,0,0,T49255,10.08319778455954,,S,0,1,1,Child,Medium
346,1,3,"Brown, Miss. Anna",female,26.58127245418848,0,0,T37464,13.439538949358637,,S,0,1,1,Adult,High
347,1,1,"Johnson, Miss. Elizabeth",female,18.0,0,0,T57645,110.64234820203674,C39,S,1,1,1,Teen,Very High
348,0,2,"Jones, Mr. Henry",male,52.52693882580507,0,0,T17987,22.128047366229477,,C,0,1,1,Middle-aged,High
349,0,3,"Taylor, Master. Charles",male,33.45769245423925,2,5,T80152,2.797616310262274,,Q,0,8,0,Adult,Low
350,1,1,"Jones, Ms. Bertha",female,53.107000047097394,0,0,T27174,93.37237031762616,,S,0,1,1,Middle-aged,Very High
351,1,3,"Miller, Mrs. Bertha",female,13.927408656654256,1,0,T86646,6.186501953864266,,S,0,2,0,Teen,Medium
352,1,2,"Davis, Ms. Margaret",female,34.83701304570743,0,0,T11515,20.02693101075429,,S,0,1,1,Adult,High
353,0,1,"White, Master. James",male,38.68424643982316,0,1,T98658,74.02265886603834,,S,0,2,0,Middle-aged,Very High
354,0,3,"Harris, Rev. William",male,31.483893839374147,0,0,T58665,7.468104694387389,,S,0,1,1,Adult,Medium
355,0,2,"Wilson, Rev. Henry",male,34.09796414476526,0,2,T62949,23.23969876299701,,S,0,3,0,Adult,Very High
356,0,3,"Thomas, Master. Henry",male,25.00138630592549,0,0,T60906,2.052316432630484,,S,0,1,1,Adult,Low
357,1,1,"White, Master. Henry",male,19.65204647418285,0,0,T18802,112.71638540575896,C116,S,1,1,1,Adult,Very High
358,0,3,"Harris, Ms. Margaret",female,29.396442740951382,0,0,T53254,2.6889393219752638,,S,0,1,1,Adult,Low
359,1,3,"Johnson, Miss. Anna",female,10.68380509619072,0,0,T35464,5.221370587965842,,S,0,1,1,Child,Low
360,0,2,"Jones, Mr. Charles",male,13.071668058640508,4,0,T74604,14.158774104727108,,S,0,5,0,Teen,High
361,0,3,"Jones, Rev. James",male,13.205035120866183,0,0,T86368,8.97300950578487,,S,0,1,1,Teen,Medium
362,1,2,"Harris, Mrs. Margaret",female,17.842850353601662,1,0,T55212,39.12976713933572,,S,0,2,0,Teen,Very High
363,0,3,"Johnson, Master. Frank",male,10.5012871353454,0,0,T95430,14.173344040146722,,Q,0,1,1,Child,High
364,1,1,"Harris, Mrs. Margaret",female,39.106794885057795,0,1,T43686,67.01480980306705,,S,0,2,0,Middle-aged,Very High
365,0,3,"Wilson, Master. Frank",male,1.0,0,3,T62116,3.287932715314747,G114,C,1,4,0,Child,Low
366,0,1,"Thomas, Mr. Henry",male,50.34919873516558,1,0,T42574,61.26491474835729,,C,0,2,0,Middle-aged,Very High
367,0,2,"Davis, Master. Frank",male,17.942135853310436,1,0,T14368,9.821455122752525,,S,0,2,0,Teen,Medium
368,0,1,"Smith, Master. Charles",male,35.98702916142991,0,0,T70892,73.26114380355831,E129,S,1,1,1,Middle-aged,Very High
369,1,3,"Davis, Ms. Bertha",female,28.600785584982983,0,0,T71304,5.499503750254346,,S,0,1,1,Adult,Low
370,1,1,"Wilson, Mrs. Emma",female,18.0,0,0,T90356,53.55729116160308,,S,0,1,1,Teen,Very High
371,1,3,"Taylor, Miss. Bertha",female,21.91100149837919,0,0,T49886,3.5213639691204266,G27,S,1,1,1,Adult,Low
372,1,3,"Moore, Ms. Margaret",female,43.406917558351054,0,0,T71078,4.152029247023019,,S,0,1,1,Middle-aged,Low
373,0,3,"Moore, Mr. James",male,25.00138630592549,0,0,T65421,1.731529041591046,,S,0,1,1,Adult,Low
374,0,3,"Williams, Master. Henry",male,43.48257876077784,2,0,T60617,18.87707716258375,,S,0,3,0,Middle-aged,High
375,0,3,"Miller, Rev. Charles",male,25.00138630592549,0,0,T61375,7.536270267525837,,S,0,1,1,Adult,Medium
376,0,1,"Taylor, Master. John",male,18.0,1,0,T33345,83.22791760282918,D81,C,1,2,0,Teen,Very High
377,0,2,"Thomas, Rev. William",male,16.014099059925577,0,0,T64675,22.13596366326532,,C,0,1,1,Teen,High
378,1,1,"Thomas, Ms. Mary",female,49.1585251532044,2,0,T21049,64.80067867696019,B131,S,1,3,0,Middle-aged,Very High
379,0,3,"Harris, Mr. Frank",male,41.11581168341466,0,1,T66207,5.598351971433101,,S,0,2,0,Middle-aged,Medium
380,1,2,"Davis, Mrs. Emma",female,30.22115216505714,0,0,T94633,34.333965846156445,,Q,0,1,1,Adult,Very High
381,0,3,"Anderson, Miss. Emma",female,15.503705744787252,0,0,T97968,18.78272388089672,,S,0,1,1,Teen,High
382,0,3,"Brown, Rev. Frank",male,4.404868300296162,0,0,T49041,6.51070571892763,,C,0,1,1,Child,Medium
383,0,3,"Harris, Rev. Frank",male,23.566095275762283,0,0,T30659,6.80354931718454,,C,0,1,1,Adult,Medium
384,1,2,"Brown, Miss. Bertha",female,39.268340363975184,0,0,T46132,24.93343815757582,,S,0,1,1,Middle-aged,Very High
385,1,1,"Miller, Mrs. Elizabeth",female,39.106794885057795,0,0,T39709,60.770794803770094,C119,S,1,1,1,Middle-aged,Very High
386,1,3,"Wilson, Miss. Emma",female,25.166963730800667,1,0,T40825,8.405739844021863,,C,0,2,0,Adult,Medium
387,0,3,"Thomas, Master. William",male,1.0,1,0,T12567,10.051701051688102,,S,0,2,0,Child,Medium
388,1,3,"Williams, Mrs. Bertha",female,10.304823015260824,0,0,T85057,22.348760727153785,,S,0,1,1,Child,High
389,0,3,"Anderson, Rev. John",male,14.155390419739852,1,0,T19111,5.145672692312818,,S,0,2,0,Teen,Low
390,0,3,"Wilson, Master. Frank",male,23.60042308256336,0,0,T61482,1.3553742885170157,,Q,0,1,1,Adult,Low
391,0,3,"Harris, Mrs. Emma",female,41.48562614677421,0,0,T73221,5.62806587120137,,S,0,1,1,Middle-aged,Medium
392,0,2,"Johnson, Mrs. Margaret",female,32.04383205961399,3,3,T91731,11.988128524125472,,S,0,7,0,Adult,High
393,0,3,"Brown, Master. Charles",male,11.50983177657942,2,0,T97453,2.3044987050525565,,S,0,3,0,Child,Low
394,0,2,"Moore, Rev. John",male,15.833555942999398,0,2,T47860,14.2255949612603,,C,0,3,0,Teen,High
395,1,3,"Davis, Mrs. Bertha",female,17.982554064731296,1,0,T10654,17.08029261347983,,C,0,2,0,Teen,High
396,0,3,"Smith, Mr. Charles",male,33.00808789620662,0,0,T98559,3.649490205042349,,S,0,1,1,Adult,Low
397,1,3,"Wilson, Miss. Elizabeth",female,25.166963730800667,0,1,T30836,19.63540981488046,,S,0,2,0,Adult,High
398,0,3,"Anderson, Rev. James",male,1.0,1,0,T92464,7.566978664953389,,Q,0,2,0,Child,Medium
399,0,3,"Anderson, Rev. John",male,25.00138630592549,0,0,T36627,9.062722209669053,,Q,0,1,1,Adult,Medium
400,0,2,"White, Mr. James",male,49.2581493348473,1,0,T44765,24.494143937553368,,Q,0,2,0,Middle-aged,Very High
401,1,2,"Williams, Ms. Emma",female,18.38151852780183,0,0,T32821,8.606341765225721,F90,S,1,1,1,Adult,Medium
402,0,3,"White, Master. James",male,21.054766670385863,0,3,T41099,7.188355510761769,,S,0,4,0,Adult,Medium
403,0,3,"Thomas, Mr. George",male,30.43726020922236,1,0,T27718,6.188887445341425,,C,0,2,0,Adult,Medium
404,0,1,"Thomas, Rev. Charles",male,18.0,0,1,T43635,80.67598328368679,,C,0,2,0,Teen,Very High
405,1,1,"Anderson, Ms. Alice",female,35.36932316151964,4,0,T44235,87.71148009608662,B10,S,1,5,0,Middle-aged,Very High
406,0,1,"Johnson, Rev. George",male,36.29392140223042,0,0,T40270,79.9483523743034,,S,0,1,1,Middle-aged,Very High
407,0,1,"Williams, Master. Henry",male,57.26143690922176,0,0,T79711,42.99789406543652,B21,S,1,1,1,Middle-aged,Very High
408,0,3,"White, Ms. Mary",female,28.411201131838,0,0,T59703,2.472897429952065,F21,S,1,1,1,Adult,Low
409,0,3,"Brown, Miss. Anna",female,21.41123050278511,3,2,T92768,4.256319325414069,,S,0,6,0,Adult,Low
410,1,3,"Jones, Mrs. Mary",female,25.166963730800667,3,0,T22716,21.584985596900907,F81,S,1,4,0,Adult,High
411,1,1,"Brown, Master. William",male,35.98702916142991,0,0,T18720,70.42642335489039,,S,0,1,1,Middle-aged,Very High
412,0,1,"Smith, Mr. Charles",male,35.98702916142991,0,0,T29156,81.85530610959947,,S,0,1,1,Middle-aged,Very High
413,1,1,"White, Ms. Mary",female,39.106794885057795,0,0,T91914,46.98730687365446,,S,0,1,1,Middle-aged,Very High
414,0,2,"Jones, Rev. John",male,13.484539861949887,0,0,T89026,27.08027727928087,,C,0,1,1,Teen,Very High
415,0,3,"Smith, Rev. James",male,35.095299150805346,0,0,T46931,5.111778902783654,,Q,0,1,1,Middle-aged,Low
416,1,3,"Taylor, Ms. Elizabeth",female,26.19170880216941,1,0,T60654,18.760409352539696,,S,0,2,0,Adult,High
417,1,1,"Thomas, Rev. Charles",male,35.98702916142991,0,0,T21826,88.0380976037736,B3,C,1,1,1,Middle-aged,Very High
418,1,3,"Anderson, Ms. Alice",female,18.97566952063501,1,0,T55772,2.7424757949508827,,C,0,2,0,Adult,Low
419,0,3,"Miller, Mr. William",male,38.0764726396127,0,0,T76381,3.0540994760053155,,C,0,1,1,Middle-aged,Low
420,1,3,"Taylor, Mrs. Bertha",female,25.166963730800667,1,0,T53481,16.44341099042453,,S,0,2,0,Adult,High
421,1,3,"White, Miss. Emma",female,38.047083592428336,4,0,T98416,14.08463158975766,,S,0,5,0,Middle-aged,High
422,1,1,"Wilson, Ms. Elizabeth",female,25.92801877137672,0,0,T13880,88.80981227016389,,S,0,1,1,Adult,Very High
423,1,1,"Thomas, Mr. Henry",male,31.884835826382695,0,0,T93795,50.41875435364609,,S,0,1,1,Adult,Very High
424,0,1,"Smith, Master. Henry",male,50.11934823739162,0,1,T25994,68.21417651183634,C64,S,1,2,0,Middle-aged,Very High
425,0,1,"Moore, Rev. Frank",male,68.94870506527862,0,2,T41932,84.0916973918771,,S,0,3,0,Senior,Very High
426,1,3,"Davis, Mrs. Margaret",female,41.36380980363806,3,0,T47500,4.755822836108224,,S,0,4,0,Middle-aged,Low
427,1,3,"Brown, Ms. Mary",female,40.120784827950345,1,3,T47201,12.816503678556977,,S,0,5,0,Middle-aged,High
428,1,3,"Miller, Mrs. Elizabeth",female,32.34728114946955,0,0,T73745,17.754388933779346,,S,0,1,1,Adult,High
429,1,3,"Thomas, Master. Frank",male,14.541449510210152,3,0,T13052,6.894284169803126,,S,0,4,0,Teen,Medium
430,1,1,"Wilson, Mrs. Emma",female,44.43699292283442,3,3,T34570,66.6256756333486,C90,Q,1,7,0,Middle-aged,Very High
431,1,3,"Jones, Miss. Emma",female,22.02498089432369,0,0,T34143,14.795998390851013,,S,0,1,1,Adult,High
432,0,1,"Jones, Rev. Charles",male,57.01477266781961,0,0,T48826,83.90032421309884,,C,0,1,1,Middle-aged,Very High
433,0,3,"White, Rev. Frank",male,9.650380896928445,1,0,T88972,14.066984144142705,,S,0,2,0,Child,High
434,0,2,"Williams, Mr. Charles",male,25.95617060278669,0,1,T66058,13.786960263001747,,C,0,2,0,Adult,High
435,1,3,"Brown, Ms. Mary",female,53.85343211047517,1,0,T60711,4.413040699713745,,S,0,2,0,Middle-aged,Low
436,1,1,"Davis, Ms. Margaret",female,40.00223042112769,0,0,T91110,69.99941522173009,B103,S,1,1,1,Middle-aged,Very High
437,1,3,"Miller, Ms. Emma",female,1.0,0,0,T48967,6.415788066272135,,S,0,1,1,Child,Medium
438,0,2,"Johnson, Mr. John",male,35.847174294110395,0,0,T20931,6.811793530883813,,S,0,1,1,Middle-aged,Medium
439,1,1,"Williams, Mr. John",male,18.0,0,0,T65856,74.13098595457113,,S,0,1,1,Teen,Very High
440,1,1,"Davis, Rev. Frank",male,19.421552164479998,0,0,T59692,72.88681960937247,B144,S,1,1,1,Adult,Very High
441,0,1,"Harris, Master. James",male,35.98702916142991,0,2,T79603,89.31115600184528,,S,0,3,0,Middle-aged,Very High
442,0,3,"Brown, Rev. Frank",male,37.21954091407888,0,0,T76255,2.8185726908602247,,S,0,1,1,Middle-aged,Low
443,0,2,"Johnson, Mr. George",male,25.95617060278669,0,2,T60227,10.61790039745148,,S,0,3,0,Adult,Medium
444,1,3,"Wilson, Mrs. Elizabeth",female,16.650240288435686,0,1,T71954,5.237971843898105,,S,0,2,0,Teen,Low
445,0,3,"Moore, Master. Charles",male,25.00138630592549,0,0,T83548,8.980214729829259,,Q,0,1,1,Adult,Medium
446,0,1,"Miller, Master. Charles",male,24.3155755522587,0,0,T59464,60.922116250402354,,C,0,1,1,Adult,Very High
447,0,3,"Johnson, Rev. Frank",male,25.00138630592549,0,0,T71108,2.28170390984581,,C,0,1,1,Adult,Low
448,1,2,"Anderson, Ms. Margaret",female,54.64271198521741,1,2,T20450,18.369080726582748,,C,0,4,0,Middle-aged,High
449,0,3,"Thomas, Mr. John",male,12.831284300277568,0,0,T47387,3.91650003312521,,S,0,1,1,Teen,Low
450,0,1,"Smith, Mr. John",male,44.5616161649838,1,0,T49462,67.6376960719134,,S,0,2,0,Middle-aged,Very High
451,1,1,"Miller, Mrs. Emma",female,38.90386515998713,1,0,T29641,110.16637329433296,,Q,0,2,0,Middle-aged,Very High
452,0,3,"Williams, Mr. Henry",male,34.498428142165736,0,2,T59402,2.2664885244248807,,C,0,3,0,Adult,Low
453,0,2,"Taylor, Mr. William",male,26.96807333136365,0,0,T56451,7.425280720483906,,S,0,1,1,Adult,Medium
454,0,2,"Moore, Rev. Henry",male,42.405766066306384,0,0,T68773,14.141051657350546,,Q,0,1,1,Middle-aged,High
455,1,1,"Brown, Mrs. Alice",female,23.804330189632733,0,0,T11906,77.20850103588648,,S,0,1,1,Adult,Very High
456,0,3,"Moore, Mr. William",male,25.00138630592549,0,0,T39504,8.002426876288741,,C,0,1,1,Adult,Medium
457,0,1,"Jones, Mr. James",male,35.98702916142991,0,0,T29613,61.03237462654377,B46,S,1,1,1,Middle-aged,Very High
458,1,3,"Wilson, Ms. Bertha",female,25.166963730800667,0,0,T18222,15.774724311280586,,S,0,1,1,Adult,High
459,0,1,"Wilson, Mr. John",male,53.10735800895004,0,0,T85761,88.21769757562798,,C,0,1,1,Middle-aged,Very High
460,0,3,"Wilson, Rev. Charles",male,25.00138630592549,0,0,T17957,8.284805833702958,G94,C,1,1,1,Adult,Medium
461,0,3,"Moore, Mr. Charles",male,38.40975483551575,0,0,T75867,4.195252740445537,,C,0,1,1,Middle-aged,Low
462,1,3,"Williams, Ms. Anna",female,25.166963730800667,0,1,T70091,8.841081748748026,,C,0,2,0,Adult,Medium
463,1,1,"Davis, Mrs. Alice",female,48.64304256089661,0,0,T49385,90.14153782323748,,S,0,1,1,Middle-aged,Very High
464,0,3,"Harris, Master. Henry",male,25.00138630592549,0,0,T49500,1.7885771114682525,,S,0,1,1,Adult,Low
465,0,3,"Anderson, Master. John",male,6.125234970385893,0,0,T50643,1.523146148018954,,S,0,1,1,Child,Low
466,0,3,"Brown, Mrs. Elizabeth",female,25.166963730800667,0,0,T76983,9.070664104052293,,S,0,1,1,Adult,Medium
467,0,2,"Smith, Master. Henry",male,16.953222972640305,0,0,T88082,9.374525416424229,,C,0,1,1,Teen,Medium
468,0,3,"Moore, Rev. Charles",male,10.072965905388164,1,0,T99402,28.04317409810644,,S,0,2,0,Child,Very High
469,0,2,"Harris, Master. William",male,51.02777006536184,0,0,T15993,17.937598826720333,D64,C,1,1,1,Middle-aged,High
470,1,1,"Thomas, Ms. Anna",female,46.81783832206602,0,0,T93569,90.18017088182695,,S,0,1,1,Middle-aged,Very High
471,1,1,"Harris, Mrs. Bertha",female,40.80289553348103,1,0,T87028,89.58652071473837,,S,0,2,0,Middle-aged,Very High
472,0,3,"Brown, Master. William",male,26.543745260185197,0,0,T34596,10.385722541875566,,C,0,1,1,Adult,Medium
473,0,3,"Johnson, Rev. Henry",male,5.2340760834927735,0,0,T37472,5.508149499396935,,Q,0,1,1,Child,Low
474,1,3,"Miller, Miss. Emma",female,1.0,1,0,T35757,11.601949776574257,,S,0,2,0,Child,High
475,1,2,"Jones, Ms. Bertha",female,30.22115216505714,1,0,T63915,9.170611577203506,,Q,0,2,0,Adult,Medium
476,0,3,"Anderson, Mr. Charles",male,25.00138630592549,2,0,T94085,9.435067678983645,,C,0,3,0,Adult,Medium
477,0,2,"Thomas, Master. Henry",male,25.95617060278669,0,0,T65206,12.180656075302974,,S,0,1,1,Adult,High
478,1,1,"Taylor, Ms. Elizabeth",female,38.59786312377459,0,0,T22537,29.51288687111708,,S,0,1,1,Middle-aged,Very High
479,0,2,"Wilson, Master. George",male,53.5673662583946,0,0,T89731,14.014513776811558,,C,0,1,1,Middle-aged,High
480,1,3,"Jones, Mrs. Margaret",female,49.72834849878223,0,0,T32301,25.011093633096635,,Q,0,1,1,Middle-aged,Very High
481,0,3,"Thomas, Master. John",male,37.525479994133846,4,0,T26608,13.137671585317308,,C,0,5,0,Middle-aged,High
482,1,3,"Harris, Miss. Mary",female,5.399009875437873,1,0,T77359,7.985606566940796,,Q,0,2,0,Child,Medium
483,1,3,"Taylor, Ms. Bertha",female,42.54385954675541,1,2,T68645,2.508343375053048,,S,0,4,0,Middle-aged,Low
484,0,3,"Thomas, Miss. Mary",female,39.50238526175017,0,0,T86508,15.261486452642384,,S,0,1,1,Middle-aged,High
485,0,1,"Brown, Mr. James",male,18.0,0,0,T10968,63.30908552521952,,S,0,1,1,Teen,Very High
486,0,3,"Thomas, Mr. Frank",male,44.30211117380095,3,0,T90771,4.253306398906432,,S,0,4,0,Middle-aged,Low
487,1,2,"Davis, Rev. George",male,6.63085387340568,1,0,T23306,12.907365923021104,,S,0,2,0,Child,High
488,1,1,"White, Master. Charles",male,33.10005862324719,3,0,T55712,91.0958255843045,,S,0,4,0,Adult,Very High
489,0,2,"Jones, Mr. Henry",male,28.12337853941909,0,0,T68008,15.371491566923396,,S,0,1,1,Adult,High
490,0,3,"Davis, Master. Charles",male,25.00138630592549,0,0,T13650,11.25583086219423,,S,0,1,1,Adult,High
491,0,2,"White, Rev. Frank",male,25.95617060278669,0,0,T31360,13.90503668437445,,S,0,1,1,Adult,High
492,0,3,"Wilson, Mr. Henry",male,1.0,0,0,T30982,1.223790274686869,,Q,0,1,1,Child,Low
493,0,2,"Anderson, Mr. John",male,18.94196134332432,1,1,T60493,17.89650751465422,,S,0,3,0,Adult,High
494,0,3,"Moore, Rev. James",male,25.00138630592549,1,0,T10132,5.108089651890072,,S,0,2,0,Adult,Low
495,0,1,"Moore, Master. Henry",male,39.29645283631314,0,2,T15153,71.38082473047602,,S,0,3,0,Middle-aged,Very High
496,1,2,"Williams, Mrs. Margaret",female,35.32889614212261,0,0,T84554,7.534652028868667,,S,0,1,1,Middle-aged,Medium
497,0,3,"Jones, Master. George",male,12.52708371137205,0,1,T51831,11.11332396923176,,S,0,2,0,Teen,High
498,0,3,"Davis, Mr. John",male,30.578962904277876,0,0,T42624,6.263091186782665,,C,0,1,1,Adult,Medium
499,1,2,"Thomas, Ms. Mary",female,24.44772174609725,0,0,T63015,8.76264701580504,,C,0,1,1,Adult,Medium
500,1,3,"Johnson, Miss. Bertha",female,12.484624529323874,2,0,T17869,1.942866129098877,,C,0,3,0,Teen,Low
501,1,1,"Wilson, Mr. John",male,30.45343663367882,2,0,T17244,126.03071075588176,D19,C,1,3,0,Adult,Very High
502,0,3,"White, Mr. Charles",male,25.00138630592549,0,0,T30080,11.31314826039357,,C,0,1,1,Adult,High
503,0,2,"Smith, Mr. George",male,25.95617060278669,0,0,T56412,16.217761404942532,,S,0,1,1,Adult,High
504,0,1,"Williams, Master. Charles",male,30.44645571638424,1,2,T15622,76.02507978780709,,C,0,4,0,Adult,Very High
505,0,2,"Anderson, Mr. George",male,10.777768240753364,0,0,T55687,5.097484878699379,D46,S,1,1,1,Child,Low
506,0,3,"Anderson, Mr. Frank",male,19.83484785355953,0,0,T82090,7.832844425325661,,Q,0,1,1,Adult,Medium
507,0,3,"Wilson, Rev. James",male,36.01993975604863,0,1,T34406,5.635163216470336,,S,0,2,0,Middle-aged,Medium
508,1,3,"White, Miss. Mary",female,27.402382822951367,0,0,T47909,8.003161189097176,,S,0,1,1,Adult,Medium
509,1,2,"Davis, Mrs. Anna",female,59.011613135609295,1,1,T73755,16.36300818533327,,C,0,3,0,Middle-aged,High
510,0,2,"White, Rev. William",male,27.929768218801023,0,0,T21586,9.65298971457614,,Q,0,1,1,Adult,Medium
511,0,3,"Johnson, Rev. James",male,19.387187290382226,0,0,T73620,11.828853963983551,,S,0,1,1,Adult,High
512,0,2,"Jones, Master. George",male,19.97255329859614,0,2,T22055,21.38136645399432,,Q,0,3,0,Adult,High
513,0,1,"Davis, Master. Frank",male,45.777392689461855,1,0,T14944,129.53560115178908,C43,S,1,2,0,Middle-aged,Very High
514,0,2,"Moore, Mr. John",male,36.99621251543504,0,0,T63632,17.978264731511022,,S,0,1,1,Middle-aged,High
515,0,2,"Wilson, Mr. George",male,8.053776615694904,0,1,T71607,8.852600278269698,,S,0,2,0,Child,Medium
516,0,1,"Jones, Rev. Frank",male,34.140499990733154,0,0,T10486,99.46570999509017,,S,0,1,1,Adult,Very High
517,1,1,"White, Mr. George",male,38.53129837673651,1,0,T52487,72.71885893804351,,S,0,2,0,Middle-aged,Very High
518,1,3,"Davis, Miss. Bertha",female,27.45244929032604,1,0,T86693,4.334481450498368,,S,0,2,0,Adult,Low
519,0,1,"Johnson, Master. Charles",male,35.98702916142991,0,2,T94667,82.59382452407901,,S,0,3,0,Middle-aged,Very High
520,0,3,"Jones, Master. John",male,31.091096734602036,0,0,T76354,5.210371158601602,,C,0,1,1,Adult,Low
521,0,3,"Johnson, Master. James",male,25.00138630592549,0,0,T49291,0.7553465823885028,,S,0,1,1,Adult,Low
522,0,2,"White, Miss. Anna",female,30.22115216505714,0,0,T91552,14.22169696479552,,S,0,1,1,Adult,High
523,0,3,"Smith, Master. Henry",male,45.47479991871431,1,2,T16853,7.637690917681605,,C,0,4,0,Middle-aged,Medium
524,0,3,"Johnson, Master. Frank",male,25.74650335800328,2,0,T57965,3.7730020171566654,,S,0,3,0,Adult,Low
525,1,3,"Miller, Ms. Bertha",female,12.277224608688371,2,0,T29569,19.697548766195045,,S,0,3,0,Teen,High
526,1,3,"Miller, Ms. Mary",female,6.370128161367035,0,0,T53516,0.5588470488180695,,S,0,1,1,Child,Low
527,0,2,"Wilson, Rev. Charles",male,32.35478525534597,0,2,T93990,19.308364371537458,,S,0,3,0,Adult,High
528,0,1,"Thomas, Master. John",male,25.226900303310217,0,0,T29551,78.77799769802402,,Q,0,1,1,Adult,Very High
529,1,1,"Moore, Miss. Emma",female,39.106794885057795,0,1,T45233,122.60826233474243,,S,0,2,0,Middle-aged,Very High
530,0,1,"Jones, Master. Frank",male,34.57699130746684,0,0,T61720,85.07656867658747,A145,S,1,1,1,Adult,Very High
531,1,1,"Williams, Ms. Alice",female,52.70006276849569,0,0,T19967,93.32672212346948,,S,0,1,1,Middle-aged,Very High
532,0,3,"Moore, Rev. George",male,25.00138630592549,0,0,T71260,14.579876980032228,,S,0,1,1,Adult,High
533,0,1,"Anderson, Mr. James",male,54.3527520653067,0,0,T45167,66.12851624666628,E112,C,1,1,1,Middle-aged,Very High
534,1,1,"Brown, Ms. Mary",female,18.0,0,1,T43725,57.923080399111065,,S,0,2,0,Teen,Very High
535,0,2,"Harris, Master. Frank",male,25.95617060278669,1,2,T43513,21.800594888434567,,C,0,4,0,Adult,High
536,0,2,"Davis, Master. James",male,38.84399559108006,1,0,T89944,17.74768567661866,,S,0,2,0,Middle-aged,High
537,1,3,"Brown, Miss. Anna",female,38.8879275718069,1,0,T57598,4.9475667283393925,,S,0,2,0,Middle-aged,Low
538,0,3,"Jones, Master. George",male,9.851949667157044,0,0,T90758,18.982703732706533,,S,0,1,1,Child,High
539,0,2,"Brown, Mr. John",male,29.268883552051683,1,0,T13621,6.787218098984219,,S,0,2,0,Adult,Medium
540,0,3,"Jones, Master. George",male,10.221047142819652,0,0,T67745,5.001955543020327,,S,0,1,1,Child,Low
541,1,3,"Wilson, Miss. Alice",female,19.64603658613806,2,0,T85591,6.690346385805469,,S,0,3,0,Adult,Medium
542,0,3,"Anderson, Master. Charles",male,27.93881747576887,0,2,T11195,5.395381236027316,,S,0,3,0,Adult,Low
543,0,3,"Smith, Ms. Mary",female,26.97807438369944,0,0,T84051,6.2334563713065805,F106,S,1,1,1,Adult,Medium
544,1,3,"Thomas, Miss. Margaret",female,11.06595866543287,0,0,T61977,0.4279971839550623,,S,0,1,1,Child,Low
545,0,3,"Thomas, Mr. Frank",male,23.911402938771868,0,1,T47067,5.748916562794856,,S,0,2,0,Adult,Medium
546,1,3,"Williams, Ms. Alice",female,54.40067422002461,0,2,T79930,5.786272109714316,,C,0,3,0,Middle-aged,Medium
547,1,3,"Harris, Miss. Mary",female,28.780820693481704,0,1,T34853,4.879129685250129,,S,0,2,0,Adult,Low
548,0,1,"Brown, Mr. John",male,57.54199895779638,1,0,T84632,134.32522255056418,,S,0,2,0,Middle-aged,Very High
549,0,3,"Jones, Mr. George",male,26.82878372285012,0,2,T97122,4.490411360105934,,S,0,3,0,Adult,Low
550,1,3,"Taylor, Ms. Mary",female,1.0,0,0,T21254,16.43683133346903,,S,0,1,1,Child,High
551,0,3,"Thomas, Mrs. Anna",female,31.81029557477705,1,0,T30140,5.371088074709466,,C,0,2,0,Adult,Low
552,1,2,"Taylor, Mrs. Margaret",female,23.342609115811825,0,0,T39381,9.44407255654594,,C,0,1,1,Adult,Medium
553,1,3,"Miller, Rev. John",male,25.00138630592549,1,0,T90857,8.702242627697787,,S,0,2,0,Adult,Medium
554,0,1,"Wilson, Master. Frank",male,35.98702916142991,0,0,T92215,70.1488493210523,B23,Q,1,1,1,Middle-aged,Very High
555,0,3,"White, Rev. James",male,19.40140013846957,1,3,T88097,3.511520971116579,,S,0,5,0,Adult,Low
556,1,3,"Jones, Mrs. Margaret",female,11.29846976026906,1,0,T17523,4.96618069272462,G64,C,1,2,0,Child,Low
557,0,1,"Jones, Rev. John",male,43.91869978226329,1,2,T89415,71.35336572508345,B62,Q,1,4,0,Middle-aged,Very High
558,1,2,"Moore, Mrs. Bertha",female,30.22115216505714,0,0,T88627,11.292924531824768,,S,0,1,1,Adult,High
559,0,2,"Smith, Master. James",male,11.992714097558997,0,0,T44600,24.16542542715934,,S,0,1,1,Child,Very High
560,0,3,"Johnson, Rev. Charles",male,52.29965057394541,0,2,T93602,3.592012539466068,,S,0,3,0,Middle-aged,Low
561,0,3,"Davis, Miss. Margaret",female,26.098844472116387,0,1,T70686,4.330958448039287,,S,0,2,0,Adult,Low
562,0,1,"White, Master. John",male,50.79802317577332,0,0,T20778,93.84067775418347,D61,Q,1,1,1,Middle-aged,Very High
563,1,3,"Taylor, Ms. Mary",female,19.50022641792384,0,1,T37610,6.81854474912019,,C,0,2,0,Adult,Medium
564,0,3,"Brown, Master. James",male,34.77163642182136,0,0,T36148,5.105774651804151,,S,0,1,1,Adult,Low
565,0,3,"White, Master. Charles",male,25.00138630592549,1,3,T18080,8.310410501362826,,S,0,5,0,Adult,Medium
566,0,3,"Williams, Rev. Frank",male,25.00138630592549,1,0,T25831,5.510555365104157,,S,0,2,0,Adult,Low
567,0,2,"Davis, Mr. Frank",male,50.45499685652359,1,0,T34074,14.065860008048478,,S,0,2,0,Middle-aged,High
568,1,3,"Thomas, Miss. Bertha",female,1.0,0,0,T89409,8.285160981868444,,Q,0,1,1,Child,Medium
569,0,3,"Williams, Rev. Charles",male,34.270846675246624,3,0,T12580,2.4320237701489757,,S,0,4,0,Adult,Low
570,1,3,"Thomas, Ms. Mary",female,25.166963730800667,0,0,T19475,10.355018064888531,,S,0,1,1,Adult,Medium
571,0,2,"Moore, Mr. Charles",male,15.299762540158838,0,0,T88947,10.639124751966492,D29,C,1,1,1,Teen,Medium
572,0,3,"Brown, Mr. John",male,16.602500485161137,2,1,T21545,9.39664513918394,,Q,0,4,0,Teen,Medium
573,0,3,"Wilson, Master. James",male,25.00138630592549,0,3,T12837,10.38561399840036,,S,0,4,0,Adult,Medium
574,0,1,"White, Master. James",male,39.39509575563728,1,0,T91007,80.49849293867341,,S,0,2,0,Middle-aged,Very High
575,0,3,"Thomas, Ms. Alice",female,25.371841468087627,0,0,T33671,6.399158595694906,,S,0,1,1,Adult,Medium
576,0,3,"Smith, Master. Charles",male,17.515663018866768,0,0,T68830,3.4213977918478085,,S,0,1,1,Teen,Low
577,0,2,"Johnson, Master. Henry",male,13.201546770222263,1,0,T27790,20.106417577164667,,S,0,2,0,Teen,High
578,1,3,"Johnson, Miss. Alice",female,26.440843467325323,0,0,T47271,0.4347698829632825,,S,0,1,1,Adult,Low
579,1,2,"Smith, Miss. Mary",female,30.22115216505714,0,0,T32024,17.44334651344635,,S,0,1,1,Adult,High
580,0,1,"Jones, Mr. Henry",male,50.504048072560224,0,0,T66035,66.62782474202969,C82,S,1,1,1,Middle-aged,Very High
581,1,2,"Thomas, Miss. Emma",female,40.3343221036064,0,1,T62234,20.272039481189623,,S,0,2,0,Middle-aged,High
582,0,1,"Thomas, Rev. James",male,56.3578387781389,0,0,T59608,111.79002011898837,C149,S,1,1,1,Middle-aged,Very High
583,0,3,"Anderson, Master. Charles",male,33.72322287044733,0,0,T90210,9.174366118681975,,C,0,1,1,Adult,Medium
584,0,1,"Miller, Rev. James",male,32.09019978135319,0,0,T78020,95.00041376458022,A135,S,1,1,1,Adult,Very High
585,1,3,"Johnson, Miss. Mary",female,27.400570446265476,0,2,T64711,3.909746442917871,,S,0,3,0,Adult,Low
586,0,3,"Johnson, Mr. James",male,28.82253351432746,0,0,T61672,6.110752221380955,,C,0,1,1,Adult,Medium
587,1,2,"Smith, Miss. Margaret",female,24.91914810245307,0,0,T37818,31.15265926457426,,S,0,1,1,Adult,Very High
588,0,3,"Moore, Mr. John",male,22.53671926435472,0,0,T65186,7.248650742659425,,S,0,1,1,Adult,Medium
589,1,3,"Anderson, Miss. Bertha",female,19.16986193452764,0,1,T78684,20.57718257471716,,S,0,2,0,Adult,High
590,0,3,"Brown, Mr. Henry",male,64.00469912938655,0,0,T10329,11.424158910023063,,S,0,1,1,Senior,High
591,0,3,"Taylor, Mr. Frank",male,25.00138630592549,0,1,T51476,11.906136534718394,,S,0,2,0,Adult,High
592,0,3,"Moore, Rev. Frank",male,20.048611819987237,0,0,T87078,6.589705095024336,,S,0,1,1,Adult,Medium
593,0,1,"Taylor, Rev. William",male,35.98702916142991,0,0,T78304,81.60067945744059,,S,0,1,1,Middle-aged,Very High
594,1,3,"Anderson, Miss. Anna",female,11.679384776899896,0,0,T50983,7.617901224320143,,S,0,1,1,Child,Medium
595,0,3,"White, Master. James",male,39.458860535817934,0,0,T36797,16.04107649124866,,S,0,1,1,Middle-aged,High
596,0,3,"Brown, Master. Henry",male,25.00138630592549,0,0,T18625,5.5644764295003615,,S,0,1,1,Adult,Medium
597,0,1,"Moore, Mr. Charles",male,22.94225409453672,0,0,T98738,94.42267099899183,,S,0,1,1,Adult,Very High
598,1,3,"Williams, Ms. Margaret",female,1.0,2,0,T29689,5.941089293031829,,Q,0,3,0,Child,Medium
599,1,1,"Thomas, Mrs. Anna",female,23.2274340787644,0,1,T44651,89.18789084235223,D69,C,1,2,0,Adult,Very High
600,1,3,"Smith, Ms. Anna",female,19.55048707006251,0,0,T23418,28.075971785418737,,S,0,1,1,Adult,Very High
601,0,3,"Jones, Mr. William",male,21.358565702429043,0,0,T66494,1.9527913870473053,,C,0,1,1,Adult,Low
602,0,3,"White, Master. Henry",male,4.673628542975521,1,0,T22213,4.444151190626048,,Q,0,2,0,Child,Low
603,1,1,"Moore, Ms. Anna",female,27.89314841510785,0,0,T21882,96.90410345492148,,C,0,1,1,Adult,Very High
604,0,1,"Williams, Mr. John",male,19.043463841691864,0,1,T80765,56.773101566626,C145,S,1,2,0,Adult,Very High
605,0,1,"Wilson, Master. James",male,32.21803914168252,0,0,T47743,82.89267089494537,C146,S,1,1,1,Adult,Very High
606,1,2,"White, Ms. Bertha",female,42.44528008233419,4,0,T52322,13.735025400845265,,S,0,5,0,Middle-aged,High
607,1,3,"Wilson, Miss. Mary",female,37.545086252934055,0,1,T43414,4.029895126310061,,S,0,2,0,Middle-aged,Low
608,1,3,"Jones, Mrs. Margaret",female,25.166963730800667,0,0,T70032,3.161462969662234,,Q,0,1,1,Adult,Low
609,1,3,"Miller, Ms. Anna",female,32.8739322218365,1,0,T87518,2.1294979809848398,,S,0,2,0,Adult,Low
610,1,3,"Johnson, Mrs. Bertha",female,13.239159502414717,0,0,T35218,8.136388332325565,F111,C,1,1,1,Teen,Medium
611,0,3,"Taylor, Rev. John",male,26.972847075286587,1,0,T38930,10.576441014839556,,Q,0,2,0,Adult,Medium
612,0,3,"White, Mr. Henry",male,27.154475560739968,0,0,T93337,9.35969833374822,,S,0,1,1,Adult,Medium
613,0,3,"Johnson, Rev. James",male,42.13086112588292,0,0,T37843,2.927639237469645,,Q,0,1,1,Middle-aged,Low
614,1,1,"Harris, Master. James",male,20.989697210975628,0,2,T43690,48.9325545966598,,S,0,3,0,Adult,Very High
615,0,2,"Williams, Mr. James",male,42.6984092793317,0,1,T72409,35.11617698875186,E23,S,1,2,0,Middle-aged,Very High
616,1,3,"Jones, Miss. Mary",female,25.166963730800667,1,1,T58888,4.291260827012216,,S,0,3,0,Adult,Low
617,1,1,"Smith, Ms. Margaret",female,40.085430304296885,3,0,T24126,77.86895035016279,D33,C,1,4,0,Middle-aged,Very High
618,0,3,"Williams, Ms. Bertha",female,25.166963730800667,0,2,T63333,13.062189799177885,,Q,0,3,0,Adult,High
619,0,2,"Taylor, Rev. John",male,25.95617060278669,3,0,T80393,18.445044787156093,,S,0,4,0,Adult,High
620,0,2,"Williams, Mr. John",male,21.82375684230088,0,0,T14027,18.91090454732682,,S,0,1,1,Adult,High
621,0,3,"Williams, Mr. William",male,40.580143165092295,0,0,T82010,5.378435288983341,,S,0,1,1,Middle-aged,Low
622,0,2,"Johnson, Master. Charles",male,25.95617060278669,0,1,T12881,10.499162680608752,E115,S,1,2,0,Adult,Medium
623,1,3,"Jones, Ms. Alice",female,44.17060463080295,0,0,T50209,13.058512062489829,,S,0,1,1,Middle-aged,High
624,0,1,"White, Mr. James",male,24.136715540299768,0,0,T40531,92.49016289606745,E86,C,1,1,1,Adult,Very High
625,1,3,"Taylor, Ms. Mary",female,25.166963730800667,1,0,T64078,3.645515619499706,G123,S,1,2,0,Adult,Low
626,0,3,"Wilson, Rev. John",male,25.00138630592549,2,1,T79812,10.080804179972016,,S,0,4,0,Adult,Medium
627,0,2,"Davis, Rev. Henry",male,16.952022948084128,0,0,T20599,10.306994415380402,,S,0,1,1,Teen,Medium
628,1,3,"Johnson, Mrs. Mary",female,50.6106152893819,1,0,T48203,4.644091968747575,,S,0,2,0,Middle-aged,Low
629,1,2,"Jones, Miss. Anna",female,20.664075159735408,0,0,T93108,18.39187727900044,,S,0,1,1,Adult,High
630,0,3,"Moore, Master. Charles",male,1.4536750296844687,0,1,T59044,3.366945864122979,,S,0,2,0,Child,Low
631,1,3,"Wilson, Miss. Bertha",female,44.22768319290356,0,0,T66151,8.784422609454216,,C,0,1,1,Middle-aged,Medium
632,1,2,"Brown, Miss. Margaret",female,29.89684938260652,0,2,T98356,23.73690597298375,,S,0,3,0,Adult,Very High
633,0,3,"Moore, Rev. William",male,37.15291339376053,0,0,T41357,13.820380192626809,F8,S,1,1,1,Middle-aged,High
634,1,3,"Wilson, Mrs. Alice",female,21.387362781443738,0,0,T19244,16.357525950781262,,S,0,1,1,Adult,High
635,1,3,"Brown, Mrs. Anna",female,25.166963730800667,0,0,T17910,6.237085701493857,,C,0,1,1,Adult,Medium
636,0,3,"Moore, Mr. Henry",male,25.00138630592549,0,0,T46648,10.125385437573325,,C,0,1,1,Adult,Medium
637,0,2,"Moore, Master. Charles",male,35.44059253404653,0,0,T71009,10.91175582201976,,S,0,1,1,Middle-aged,Medium
638,0,3,"Jones, Mr. Frank",male,10.674454872741816,1,0,T38013,6.583241277053189,,Q,0,2,0,Child,Medium
639,1,3,"Johnson, Ms. Mary",female,41.195672934517845,1,0,T93203,10.868584131968069,,S,0,2,0,Middle-aged,Medium
640,0,3,"Thomas, Rev. John",male,25.00138630592549,0,0,T95637,16.84369754352062,,C,0,1,1,Adult,High
641,0,2,"Miller, Mr. George",male,51.440743235030894,1,0,T65032,13.596600573950209,,S,0,2,0,Middle-aged,High
642,0,3,"Anderson, Rev. William",male,15.068052245691096,0,0,T71993,6.246981216066997,,S,0,1,1,Teen,Medium
643,0,3,"White, Master. Henry",male,31.89135250250797,1,0,T79810,2.735257488861796,G77,S,1,2,0,Adult,Low
644,0,1,"Williams, Rev. Charles",male,48.22615113222713,0,0,T65309,97.0053608236298,E119,S,1,1,1,Middle-aged,Very High
645,0,3,"Jones, Mr. William",male,25.00138630592549,0,0,T19066,11.221243460234732,,S,0,1,1,Adult,High
646,0,3,"Anderson, Rev. Charles",male,35.714953751824694,0,1,T77509,12.59067284021487,,C,0,2,0,Middle-aged,High
647,0,2,"White, Mr. John",male,14.021035362102053,0,0,T90219,20.664240886271635,,C,0,1,1,Teen,High
648,1,3,"Moore, Ms. Mary",female,41.9154534296098,0,0,T41159,9.87117456319453,,S,0,1,1,Middle-aged,Medium
649,0,2,"Miller, Rev. William",male,24.76514200139459,3,2,T47018,20.12337780828536,,S,0,6,0,Adult,High
650,1,1,"Wilson, Miss. Elizabeth",female,39.106794885057795,0,2,T70204,68.00802710223766,A47,S,1,3,0,Middle-aged,Very High
651,1,2,"Brown, Ms. Elizabeth",female,30.22115216505714,0,1,T26360,11.535378975584845,,C,0,2,0,Adult,High
652,1,2,"Thomas, Ms. Alice",female,38.809711139339285,0,0,T60345,12.514694724619886,,S,0,1,1,Middle-aged,High
653,0,2,"Williams, Mr. William",male,35.530038023772434,0,1,T65279,3.979030911455964,,S,0,2,0,Middle-aged,Low
654,1,2,"Jones, Mr. George",male,9.404458933742394,0,0,T45361,26.292144138291828,,S,0,1,1,Child,Very High
655,0,1,"Moore, Rev. Frank",male,18.0,0,1,T82980,86.69301432831998,E107,S,1,2,0,Teen,Very High
656,0,3,"Wilson, Miss. Margaret",female,30.365525094620097,1,1,T40916,11.798155726074684,,S,0,3,0,Adult,High
657,0,3,"Brown, Master. John",male,25.00138630592549,0,0,T79000,8.531775596726852,,S,0,1,1,Adult,Medium
658,1,2,"Taylor, Ms. Alice",female,30.22115216505714,1,0,T92533,18.805351469219534,,C,0,2,0,Adult,High
659,0,1,"Taylor, Mr. Frank",male,35.98702916142991,0,0,T20567,90.21066330432464,,S,0,1,1,Middle-aged,Very High
660,0,2,"Smith, Mr. Charles",male,40.537440555979884,5,0,T70077,12.96290775492334,E27,S,1,6,0,Middle-aged,High
661,0,3,"Smith, Master. Charles",male,39.80128166557827,1,0,T22521,9.153697616596926,,S,0,2,0,Middle-aged,Medium
662,0,3,"Smith, Mr. James",male,33.97142976493542,0,1,T97052,7.087575166009223,,S,0,2,0,Adult,Medium
663,0,2,"White, Master. John",male,25.95617060278669,1,0,T69254,11.703990157794696,,S,0,2,0,Adult,High
664,0,3,"Harris, Rev. John",male,25.00138630592549,1,2,T82790,1.943754266825028,,C,0,4,0,Adult,Low
665,1,1,"Taylor, Miss. Alice",female,30.32134007772194,0,0,T65894,79.5650462711807,,S,0,1,1,Adult,Very High
666,0,1,"Thomas, Master. William",male,18.0,0,0,T62107,93.69601700292878,,S,0,1,1,Teen,Very High
667,0,3,"Taylor, Mr. Charles",male,13.898958300841675,0,2,T42875,29.1609606933938,,Q,0,3,0,Teen,Very High
668,0,3,"Jones, Mr. George",male,26.40269920129868,1,1,T26427,26.57655125603652,,C,0,3,0,Adult,Very High
669,0,3,"Taylor, Rev. Charles",male,39.84459296644919,2,1,T13065,12.7872109182401,,Q,0,4,0,Middle-aged,High
670,1,3,"Johnson, Mrs. Bertha",female,27.6178629361453,0,0,T98365,6.440643769951129,,S,0,1,1,Adult,Medium
671,1,3,"Moore, Ms. Emma",female,23.336838316150114,2,0,T20523,18.87848275633156,,S,0,3,0,Adult,High
672,0,1,"White, Mr. Charles",male,61.54982038631946,0,1,T92324,69.36683793860722,,S,0,2,0,Senior,Very High
673,0,2,"Moore, Master. George",male,28.53270468836231,0,0,T25021,23.40036606148769,,C,0,1,1,Adult,Very High
674,0,3,"Johnson, Mrs. Elizabeth",female,25.166963730800667,0,0,T19471,6.249474016518558,G102,S,1,1,1,Adult,Medium
675,1,1,"Taylor, Rev. Henry",male,36.990531824846606,0,0,T38460,73.68478609610821,,C,0,1,1,Middle-aged,Very High
676,0,1,"Jones, Master. James",male,55.25730575050028,0,0,T37452,71.4933711334989,B80,S,1,1,1,Middle-aged,Very High
677,1,2,"Wilson, Master. Charles",male,2.106954297474001,0,2,T54387,14.025687729449498,D116,S,1,3,0,Child,High
678,1,1,"Wilson, Ms. Mary",female,39.106794885057795,0,4,T19228,68.63463191758281,,S,0,5,0,Middle-aged,Very High
679,0,3,"Jones, Rev. Frank",male,50.79930581636188,0,0,T10557,1.8117023853468623,,S,0,1,1,Middle-aged,Low
680,0,2,"White, Rev. Henry",male,38.153665122873306,0,0,T65598,12.532995890266951,F59,S,1,1,1,Middle-aged,High
681,0,3,"Taylor, Master. John",male,26.33100011650307,0,0,T36819,12.076061805326772,,S,0,1,1,Adult,High
682,0,3,"Taylor, Master. William",male,25.00138630592549,0,0,T28170,3.4910569081277742,,S,0,1,1,Adult,Low
683,0,3,"Smith, Master. Henry",male,25.00138630592549,0,0,T22391,7.410212198030813,,S,0,1,1,Adult,Medium
684,0,3,"Wilson, Master. Frank",male,38.72368133810357,0,0,T66406,30.63044135037769,,S,0,1,1,Middle-aged,Very High
685,0,1,"Thomas, Mr. John",male,28.825976311957035,0,0,T73079,70.00791231155485,,S,0,1,1,Adult,Very High
686,0,3,"Davis, Master. Charles",male,22.20778797756723,1,1,T46303,9.178499610299529,,S,0,3,0,Adult,Medium
687,1,1,"Jones, Rev. John",male,54.77571923165871,1,0,T33752,56.80220627615682,,S,0,2,0,Middle-aged,Very High
688,0,3,"Thomas, Mr. James",male,31.80002177895596,0,0,T39203,18.90240159217807,,C,0,1,1,Adult,High
689,0,2,"Johnson, Rev. George",male,45.47086612689044,0,0,T27997,9.570647180306024,,S,0,1,1,Middle-aged,Medium
690,0,3,"Wilson, Mr. James",male,33.570867021243345,0,0,T30939,4.259546545933924,,C,0,1,1,Adult,Low
691,0,3,"Miller, Master. William",male,42.346155881813885,0,0,T47132,8.437531924146267,,S,0,1,1,Middle-aged,Medium
692,0,1,"Williams, Mr. John",male,35.98702916142991,0,0,T76266,70.73293507404235,,S,0,1,1,Middle-aged,Very High
693,0,3,"White, Mr. Frank",male,25.00138630592549,0,0,T28677,8.75568191893441,,S,0,1,1,Adult,Medium
694,0,3,"Williams, Master. George",male,25.00138630592549,0,0,T40164,1.417822038834175,,S,0,1,1,Adult,Low
695,0,3,"Johnson, Rev. Frank",male,32.289049946206944,1,0,T59086,5.837817963035218,,S,0,2,0,Adult,Medium
696,0,2,"Smith, Rev. Henry",male,22.926865804066683,0,0,T27675,18.756821766481828,,S,0,1,1,Adult,High
697,1,1,"Miller, Mrs. Alice",female,55.51612888291669,0,0,T85899,65.70363657620231,C21,S,1,1,1,Middle-aged,Very High
698,0,3,"Miller, Master. Henry",male,25.00138630592549,0,2,T56246,7.114926556000049,,C,0,3,0,Adult,Medium
699,0,2,"Brown, Master. George",male,48.0008356989893,0,0,T87722,20.72863187543876,,C,0,1,1,Middle-aged,High
700,0,3,"Davis, Mr. George",male,10.45542042197507,0,0,T86816,8.436713215948716,,S,0,1,1,Child,Medium
701,1,3,"Anderson, Mrs. Alice",female,32.938634556793275,1,0,T95961,4.151116519737967,,S,0,2,0,Adult,Low
702,0,3,"Moore, Rev. Charles",male,41.579542726791246,0,1,T26363,4.017956977645206,,S,0,2,0,Middle-aged,Low
703,1,1,"Jones, Miss. Alice",female,46.15824521545669,0,0,T70522,75.24883857132582,,Q,0,1,1,Middle-aged,Very High
704,0,2,"Smith, Mr. William",male,25.95617060278669,1,0,T98495,17.56387807576017,,S,0,2,0,Adult,High
705,1,1,"Brown, Mrs. Elizabeth",female,39.106794885057795,0,0,T71687,76.63484255852877,A126,Q,1,1,1,Middle-aged,Very High
706,0,3,"Moore, Master. Charles",male,42.76926069688318,0,1,T57842,0.2685993037464853,,S,0,2,0,Middle-aged,Low
707,0,3,"Anderson, Miss. Alice",female,29.549784044074435,0,0,T24690,12.275018734612576,,C,0,1,1,Adult,High
708,0,3,"Anderson, Master. William",male,26.09814944517138,0,0,T47570,4.253075315089443,,Q,0,1,1,Adult,Low
709,1,1,"Harris, Miss. Alice",female,32.80681652746792,1,0,T47997,99.62498230191456,,S,0,2,0,Adult,Very High
710,1,2,"Taylor, Ms. Alice",female,44.015289998481805,0,0,T38133,9.856063589539303,,S,0,1,1,Middle-aged,Medium
711,0,3,"Jones, Rev. Frank",male,40.700988965899,0,0,T45198,3.5790541921748478,,S,0,1,1,Middle-aged,Low
712,0,3,"Williams, Mr. Frank",male,18.693515887627846,0,5,T61432,6.840035436431577,,S,0,6,0,Adult,Medium
713,0,3,"Smith, Mr. George",male,38.69611556546741,0,0,T43071,16.780789348297162,,S,0,1,1,Middle-aged,High
714,0,3,"Wilson, Rev. James",male,16.60504007250315,0,0,T45109,9.028279099122926,,Q,0,1,1,Teen,Medium
715,1,3,"Davis, Master. William",male,7.020972598984837,0,0,T66271,3.5285034725241893,,C,0,1,1,Child,Low
716,1,1,"Anderson, Rev. George",male,49.61280989728242,0,0,T16765,74.5865561992287,D117,S,1,1,1,Middle-aged,Very High
717,0,3,"Wilson, Mr. John",male,33.01423428617143,0,1,T48745,8.934384443096139,,S,0,2,0,Adult,Medium
718,1,3,"Jones, Mrs. Emma",female,27.961907664719472,1,0,T94846,22.86268915381205,,S,0,2,0,Adult,High
719,0,3,"Davis, Rev. James",male,36.42710621580069,0,1,T57606,2.558210600282615,,S,0,2,0,Middle-aged,Low
720,0,3,"Moore, Rev. William",male,21.137183413893524,0,2,T46355,11.575344164840075,,C,0,3,0,Adult,High
721,0,1,"Wilson, Master. George",male,35.98702916142991,0,0,T61030,63.578380345536495,,C,0,1,1,Middle-aged,Very High
722,1,3,"Smith, Ms. Anna",female,25.166963730800667,0,2,T70727,15.39485502467242,,C,0,3,0,Adult,High
723,0,3,"Miller, Miss. Alice",female,34.132125797055146,0,0,T75077,6.2220118194566725,,S,0,1,1,Adult,Medium
724,1,3,"Thomas, Miss. Bertha",female,25.166963730800667,1,0,T75363,5.821118765919334,,S,0,2,0,Adult,Medium
725,0,3,"Taylor, Rev. Charles",male,17.44842657852438,0,0,T40104,0.88068112229747,,Q,0,1,1,Teen,Low
726,1,3,"Smith, Miss. Emma",female,44.11732172568664,2,2,T46373,6.37857552211376,,S,0,5,0,Middle-aged,Medium
727,0,1,"Jones, Rev. George",male,29.61806271672564,0,0,T77309,73.2597071946353,C87,C,1,1,1,Adult,Very High
728,0,2,"Johnson, Mr. William",male,25.95617060278669,0,0,T67748,10.914486987541803,,S,0,1,1,Adult,Medium
729,0,3,"Taylor, Mr. Charles",male,54.74378721760619,2,0,T44512,3.818817314951892,,S,0,3,0,Middle-aged,Low
730,0,2,"Wilson, Master. Charles",male,30.83477279618364,0,0,T27996,17.716296464031796,,S,0,1,1,Adult,High
731,1,3,"Williams, Miss. Margaret",female,24.8513757076448,0,1,T80210,1.5622990157179806,,C,0,2,0,Adult,Low
732,1,2,"Williams, Miss. Anna",female,1.0,0,0,T37740,18.336095871937992,E30,S,1,1,1,Child,High
733,0,3,"Johnson, Mr. William",male,24.441029512772907,1,0,T27881,8.593938049465807,,S,0,2,0,Adult,Medium
734,1,3,"Wilson, Mrs. Margaret",female,51.84162807796572,1,0,T46303,3.3698049096829608,,S,0,2,0,Middle-aged,Low
735,1,1,"Davis, Mrs. Alice",female,45.3541409850013,0,0,T39520,109.35341655618356,,Q,0,1,1,Middle-aged,Very High
736,0,2,"Anderson, Mr. Charles",male,25.360776965383756,0,0,T72457,23.207834214231937,,Q,0,1,1,Adult,High
737,0,2,"Jones, Mr. Charles",male,38.34143206400939,1,0,T27522,9.313819455951982,,Q,0,2,0,Middle-aged,Medium
738,1,2,"Jones, Mrs. Margaret",female,21.787896070958727,1,0,T85350,8.080469275142924,,S,0,2,0,Adult,Medium
739,1,3,"White, Ms. Mary",female,19.91013137626404,0,0,T81543,0.7175988680327208,,S,0,1,1,Adult,Low
740,1,3,"Miller, Ms. Anna",female,25.166963730800667,0,0,T66313,7.244347695874531,,Q,0,1,1,Adult,Medium
741,1,3,"Miller, Ms. Anna",female,3.456836719774003,0,0,T64604,11.060456538184836,,S,0,1,1,Child,High
742,0,2,"Moore, Rev. John",male,15.433285278473836,0,0,T83740,14.66115245606294,,S,0,1,1,Teen,High
743,1,2,"Smith, Ms. Margaret",female,1.0,1,2,T75063,4.465165804207924,,S,0,4,0,Child,Low
744,0,3,"Miller, Master. John",male,8.468297162110105,1,1,T47436,2.637752232764822,,S,0,3,0,Child,Low
745,1,3,"Jones, Mrs. Anna",female,18.22376026929081,0,0,T86060,3.661386719813554,,S,0,1,1,Adult,Low
746,1,2,"Johnson, Mrs. Margaret",female,16.738592454951892,0,0,T97780,13.208839169240465,,S,0,1,1,Teen,High
747,1,3,"White, Master. Frank",male,9.842696978037653,0,1,T47695,1.928957363553696,,S,0,2,0,Child,Low
748,0,3,"Wilson, Mr. Charles",male,1.0,0,1,T77592,8.13336180079465,,C,0,2,0,Child,Medium
749,0,1,"Johnson, Rev. Henry",male,38.61702975818192,1,0,T45447,65.01933708046353,B57,C,1,2,0,Middle-aged,Very High
750,0,3,"Anderson, Mr. William",male,37.56901676365699,0,0,T25779,18.56195598153441,,S,0,1,1,Middle-aged,High
751,0,3,"Smith, Ms. Elizabeth",female,12.911598679362491,0,0,T18254,7.213490186524724,,S,0,1,1,Teen,Medium
752,0,3,"Williams, Ms. Mary",female,25.166963730800667,0,0,T93441,1.1285492122143237,,S,0,1,1,Adult,Low
753,1,3,"White, Ms. Margaret",female,25.166963730800667,0,1,T67589,1.043785811504905,,S,0,2,0,Adult,Low
754,0,3,"Miller, Rev. James",male,25.190031231378867,1,0,T28240,12.410137836978333,F100,C,1,2,0,Adult,High
755,0,1,"Davis, Master. George",male,34.934664100315274,0,1,T55752,98.75490575468233,,S,0,2,0,Adult,Very High
756,0,3,"Miller, Mr. James",male,34.13602375636363,1,2,T44296,6.413817891086594,,S,0,4,0,Adult,Medium
757,0,3,"Thomas, Master. John",male,25.00138630592549,0,0,T39605,14.093304444002811,,S,0,1,1,Adult,High
758,1,1,"Davis, Ms. Bertha",female,44.419439398289526,0,0,T31534,113.36157326177567,C80,S,1,1,1,Middle-aged,Very High
759,1,1,"Harris, Miss. Bertha",female,47.46391271514389,1,2,T48051,93.06801849726506,,S,0,4,0,Middle-aged,Very High
760,0,1,"Wilson, Rev. Frank",male,54.28974341667988,0,0,T95447,72.76054623107593,,S,0,1,1,Middle-aged,Very High
761,1,1,"Smith, Mrs. Bertha",female,49.18058438002696,0,0,T90399,74.43568850899042,,S,0,1,1,Middle-aged,Very High
762,0,3,"Smith, Mr. Frank",male,21.924255660969703,0,0,T34815,5.147068813444821,,S,0,1,1,Adult,Low
763,1,1,"Moore, Ms. Anna",female,22.0243849401108,2,0,T33401,74.97079886070316,C47,S,1,3,0,Adult,Very High
764,0,3,"Harris, Master. Charles",male,46.37537729008172,0,0,T48886,22.108027208710084,,S,0,1,1,Middle-aged,High
765,1,1,"Smith, Mrs. Bertha",female,18.198842183940474,0,1,T96363,74.50702005637126,D24,S,1,2,0,Adult,Very High
766,0,3,"Wilson, Mr. John",male,22.09381916799744,0,0,T84647,16.082472821138104,,S,0,1,1,Adult,High
767,1,2,"Miller, Miss. Margaret",female,15.004915619600869,0,0,T50491,10.916404606081253,,S,0,1,1,Teen,Medium
768,0,3,"Anderson, Rev. George",male,20.269711143366703,0,0,T81303,6.678197355418679,,C,0,1,1,Adult,Medium
769,1,1,"Smith, Ms. Alice",female,46.82126899616755,0,0,T55650,53.059463184911166,B109,S,1,1,1,Middle-aged,Very High
770,0,3,"Brown, Mr. George",male,37.73056467228942,0,0,T60808,1.573201642978583,,S,0,1,1,Middle-aged,Low
771,0,3,"White, Master. William",male,1.0,1,0,T28228,2.244484077315829,,C,0,2,0,Child,Low
772,0,3,"Davis, Master. William",male,38.66152672203989,2,1,T96755,6.712512343363588,,S,0,4,0,Middle-aged,Medium
773,0,1,"Thomas, Rev. George",male,67.59657302122858,0,0,T59616,92.1675001262667,B20,S,1,1,1,Senior,Very High
774,0,3,"Miller, Mr. Frank",male,2.9830747932724435,0,0,T30886,4.166849936813855,,S,0,1,1,Child,Low
775,1,3,"Johnson, Ms. Mary",female,40.35725740878519,0,0,T31825,17.225123879651086,,S,0,1,1,Middle-aged,High
776,0,3,"Anderson, Rev. John",male,40.11603810071965,0,1,T49963,16.60362000759051,,C,0,2,0,Middle-aged,High
777,0,3,"White, Mr. George",male,25.00138630592549,0,0,T15302,12.232049734595382,,S,0,1,1,Adult,High
778,0,3,"Miller, Mr. George",male,51.98938196414001,0,1,T91991,12.411523514989655,,C,0,2,0,Middle-aged,High
779,0,1,"Wilson, Master. Frank",male,34.26291130640658,0,0,T89232,43.48925340925246,,S,0,1,1,Adult,Very High
780,1,3,"Miller, Miss. Bertha",female,17.08637765105435,0,0,T96379,22.37398974100383,,S,0,1,1,Teen,High
781,1,3,"Williams, Mr. William",male,9.554490123415244,1,0,T21055,8.596787404655714,,S,0,2,0,Child,Medium
782,0,3,"Anderson, Rev. Henry",male,11.621065414280595,0,0,T44954,4.281932840044112,,Q,0,1,1,Child,Low
783,0,3,"Anderson, Rev. Charles",male,12.462936715679524,1,2,T92025,6.780889359000708,,S,0,4,0,Teen,Medium
784,0,3,"Thomas, Rev. Frank",male,51.78403079062215,0,0,T32650,1.7176028856265615,,S,0,1,1,Middle-aged,Low
785,0,3,"Moore, Mr. George",male,50.09362891463017,1,0,T31662,1.6147491177407622,,Q,0,2,0,Middle-aged,Low
786,0,3,"Miller, Rev. Frank",male,25.00138630592549,1,0,T77969,7.95611012739561,,S,0,2,0,Adult,Medium
787,1,1,"Thomas, Mrs. Emma",female,40.139909227340766,1,2,T10395,49.174409980190745,E105,C,1,4,0,Middle-aged,Very High
788,0,3,"Smith, Rev. Henry",male,16.788597049424297,0,0,T63817,6.645366079891481,,S,0,1,1,Teen,Medium
789,0,3,"Jones, Master. John",male,13.702545243761344,2,0,T76558,9.67640134479404,,S,0,3,0,Teen,Medium
790,0,3,"Smith, Mr. Charles",male,37.3061981637981,1,0,T53016,2.8761671456870546,,S,0,2,0,Middle-aged,Low
791,0,2,"Davis, Master. George",male,17.662602638125726,1,0,T93301,14.695184035535522,,S,0,2,0,Teen,High
792,0,1,"Williams, Master. George",male,18.0,0,0,T82717,86.5548015121575,,C,0,1,1,Teen,Very High
793,0,2,"Smith, Master. George",male,28.34811658171508,1,3,T79918,17.42109416206021,,C,0,5,0,Adult,High
794,0,3,"Anderson, Ms. Margaret",female,14.455147057726409,1,0,T77474,6.097115308395003,,S,0,2,0,Teen,Medium
795,1,2,"Brown, Ms. Margaret",female,10.779602792919668,1,0,T97659,7.4120499527889265,,C,0,2,0,Child,Medium
796,1,1,"Thomas, Mr. George",male,48.231172936103405,1,0,T91748,90.85480681289968,C112,C,1,2,0,Middle-aged,Very High
797,0,3,"Thomas, Mr. Frank",male,34.01136254231487,0,0,T98287,24.176548747962368,,S,0,1,1,Adult,Very High
798,0,3,"Williams, Mr. George",male,41.85838516829415,0,0,T65916,4.822343195599687,,S,0,1,1,Middle-aged,Low
799,0,3,"Davis, Rev. William",male,22.843439579622387,0,0,T57836,3.3714364730018174,,S,0,1,1,Adult,Low
800,0,1,"Moore, Rev. Charles",male,35.98702916142991,0,0,T68282,95.63688830479008,,S,0,1,1,Middle-aged,Very High
801,0,3,"Moore, Rev. James",male,24.137849378740928,0,0,T46972,18.97655288846232,G12,S,1,1,1,Adult,High
802,0,3,"Davis, Rev. James",male,11.49149379739062,0,0,T26375,11.0921380321158,F54,S,1,1,1,Child,High
803,0,1,"Smith, Mr. William",male,88.9719097649435,1,0,T45247,75.35545839878287,,S,0,2,0,Senior,Very High
804,0,3,"Taylor, Rev. Frank",male,4.77770034189847,0,1,T20596,1.579099945731134,,Q,0,2,0,Child,Low
805,1,1,"Anderson, Mr. Henry",male,53.86701511312877,0,0,T27974,64.30966101418097,,S,0,1,1,Middle-aged,Very High
806,0,2,"Thomas, Mr. John",male,25.95617060278669,1,1,T92629,22.724624215208657,,S,0,3,0,Adult,High
807,0,3,"Johnson, Master. Henry",male,1.0,1,0,T69220,1.5194697057203377,,C,0,2,0,Child,Low
808,0,1,"Jones, Master. William",male,28.382526059047244,0,0,T45200,74.0577765680152,D113,S,1,1,1,Adult,Very High
809,1,3,"Johnson, Miss. Elizabeth",female,25.166963730800667,0,0,T74289,21.03573671846338,,C,0,1,1,Adult,High
810,0,1,"Harris, Master. John",male,35.98702916142991,0,0,T94511,111.5238402416744,E128,S,1,1,1,Middle-aged,Very High
811,1,3,"Smith, Miss. Anna",female,19.71033143494259,0,1,T28951,1.1755297801973346,,S,0,2,0,Adult,Low
812,0,3,"Taylor, Master. Charles",male,25.00138630592549,0,0,T58328,6.408647121040007,,S,0,1,1,Adult,Medium
813,1,2,"Davis, Ms. Emma",female,43.77296050867923,0,0,T11845,7.36996059999983,,S,0,1,1,Middle-aged,Medium
814,0,3,"Brown, Master. James",male,25.00138630592549,0,0,T27215,2.2556122156217104,,S,0,1,1,Adult,Low
815,1,2,"Williams, Miss. Anna",female,42.90028455464162,0,0,T26484,17.130913839216415,,S,0,1,1,Middle-aged,High
816,0,3,"Thomas, Master. James",male,13.276668944445465,0,2,T15969,12.444962594999447,,Q,0,3,0,Teen,High
817,0,3,"Moore, Master. John",male,28.274111414129457,0,2,T47869,14.673701395736954,,S,0,3,0,Adult,High
818,0,3,"Williams, Mr. James",male,50.89847939975861,0,0,T86759,2.88322464121029,,Q,0,1,1,Middle-aged,Low
819,0,1,"Johnson, Mr. Frank",male,46.58127613209217,2,0,T61952,113.74984169331556,,C,0,3,0,Middle-aged,Very High
820,1,3,"Harris, Ms. Elizabeth",female,36.40253425847909,0,2,T95727,2.9324935262537037,,S,0,3,0,Middle-aged,Low
821,1,2,"Johnson, Miss. Emma",female,31.633026997884823,0,0,T60010,9.17650924984876,,S,0,1,1,Adult,Medium
822,0,3,"Taylor, Mr. George",male,25.00138630592549,0,0,T36913,2.443481414865288,,S,0,1,1,Adult,Low
823,0,3,"Jones, Ms. Mary",female,35.250117164766294,0,1,T95642,10.295438153989323,,S,0,2,0,Middle-aged,Medium
824,0,2,"Wilson, Mr. Charles",male,25.95617060278669,1,0,T83071,25.18855392999656,,S,0,2,0,Adult,Very High
825,0,2,"Wilson, Mr. Charles",male,15.65500419768053,1,0,T70263,21.49093190520916,,C,0,2,0,Teen,High
826,1,3,"Brown, Ms. Elizabeth",female,41.74816561380394,0,0,T59956,20.80467890618739,,S,0,1,1,Middle-aged,High
827,1,1,"White, Mrs. Emma",female,49.68781365501206,0,2,T19236,90.9518314338034,C42,S,1,3,0,Middle-aged,Very High
828,1,3,"Taylor, Miss. Emma",female,22.80058278014688,0,0,T99049,5.790829944143459,,C,0,1,1,Adult,Medium
829,0,3,"Davis, Mr. Frank",male,25.00138630592549,0,0,T89637,9.465682004584195,,C,0,1,1,Adult,Medium
830,0,3,"Wilson, Mr. George",male,44.364723214610805,0,0,T33397,3.7221197165125193,,S,0,1,1,Middle-aged,Low
831,0,3,"Moore, Master. James",male,24.871773460514827,0,0,T27223,1.889342669124937,F7,S,1,1,1,Adult,Low
832,0,3,"White, Rev. Charles",male,25.00138630592549,0,0,T26772,3.521094033024778,F50,S,1,1,1,Adult,Low
833,0,3,"Johnson, Master. William",male,25.00138630592549,1,0,T68360,5.946210913941265,,C,0,2,0,Adult,Medium
834,0,3,"Harris, Rev. Frank",male,30.6815372134334,0,0,T11067,1.313783866359615,,S,0,1,1,Adult,Low
835,0,3,"Harris, Master. Charles",male,25.00138630592549,0,0,T65008,10.476048591626189,,C,0,1,1,Adult,Medium
836,1,2,"Moore, Ms. Mary",female,28.07663793069348,0,0,T38562,23.53118518709833,,S,0,1,1,Adult,Very High
837,0,3,"Harris, Mr. Henry",male,14.632107103281196,0,1,T46807,0.3006868312116697,,S,0,2,0,Teen,Low
838,1,3,"Brown, Miss. Anna",female,25.166963730800667,0,0,T92579,12.88310849636028,,C,0,1,1,Adult,High
839,0,3,"White, Master. George",male,11.174960891427444,0,0,T20991,10.945799014945369,G85,S,1,1,1,Child,Medium
840,0,3,"Wilson, Master. George",male,1.5905612070096815,0,0,T69739,4.805992734912302,,S,0,1,1,Child,Low
841,1,1,"Harris, Ms. Margaret",female,40.44791036982751,2,0,T68817,101.50462002270444,,S,0,3,0,Middle-aged,Very High
842,1,2,"Taylor, Mrs. Emma",female,24.39686415402772,0,0,T66441,12.063209268085544,,S,0,1,1,Adult,High
843,0,3,"Wilson, Master. James",male,10.721584785817525,1,0,T73130,5.125883615441085,,C,0,2,0,Child,Low
844,0,3,"Thomas, Rev. James",male,37.034831015967846,1,0,T14090,5.050639514970449,,Q,0,2,0,Middle-aged,Low
845,0,3,"Davis, Mr. Henry",male,37.62927836223575,0,0,T81857,8.853942250155555,,Q,0,1,1,Middle-aged,Medium
846,0,3,"Smith, Master. George",male,36.30496658264196,2,0,T32580,7.035386507769109,,S,0,3,0,Middle-aged,Medium
847,1,3,"Taylor, Ms. Emma",female,27.193223652411405,0,0,T90383,6.43981599249251,,Q,0,1,1,Adult,Medium
848,1,3,"White, Miss. Anna",female,25.166963730800667,2,0,T95151,5.4010979684323726,,S,0,3,0,Adult,Low
849,0,1,"Johnson, Rev. John",male,47.664657501623005,0,0,T82036,81.29368681405647,,S,0,1,1,Middle-aged,Very High
850,1,1,"Davis, Ms. Mary",female,18.0,2,0,T90291,83.0000616919186,,S,0,3,0,Teen,Very High
851,0,1,"Davis, Mr. Charles",male,21.953314353362742,0,0,T32631,54.383266236721695,B19,S,1,1,1,Adult,Very High
852,1,3,"White, Mrs. Margaret",female,1.0,1,1,T86830,5.188814219482889,G144,S,1,3,0,Child,Low
853,0,3,"Anderson, Mr. Charles",male,42.5175083513456,0,0,T14920,16.598940872781732,,S,0,1,1,Middle-aged,High
854,1,3,"Miller, Mrs. Emma",female,35.86368592968625,0,0,T16402,9.69195054463881,,S,0,1,1,Middle-aged,Medium
855,0,3,"Johnson, Ms. Mary",female,29.184018492508116,4,1,T73908,10.514579262910948,,S,0,6,0,Adult,Medium
856,1,1,"Smith, Miss. Elizabeth",female,31.651770501975637,1,0,T43521,85.80946350000623,E139,S,1,2,0,Adult,Very High
857,0,1,"Anderson, Rev. James",male,37.985827783408766,0,0,T51401,73.2874426783843,,S,0,1,1,Middle-aged,Very High
858,1,1,"Moore, Ms. Emma",female,18.0,0,0,T85188,103.301488178618,,Q,0,1,1,Teen,Very High
859,0,3,"Williams, Master. Henry",male,25.00138630592549,0,0,T64235,15.36415073564062,,S,0,1,1,Adult,High
860,0,3,"Thomas, Mr. Charles",male,47.64803906086098,0,0,T18631,9.959434274442298,,S,0,1,1,Middle-aged,Medium
861,1,2,"White, Ms. Mary",female,38.48781531692461,0,0,T25582,11.006229662691808,,S,0,1,1,Middle-aged,Medium
862,0,2,"White, Mr. Henry",male,38.36719294374534,0,0,T67520,16.006776093422594,,S,0,1,1,Middle-aged,High
863,0,3,"Miller, Miss. Alice",female,26.8960036860794,0,1,T47850,1.0700910225013691,,C,0,2,0,Adult,Low
864,0,3,"Wilson, Mr. William",male,20.790558953788445,1,0,T27408,9.940012631790475,,S,0,2,0,Adult,Medium
865,1,2,"White, Mrs. Bertha",female,33.23747650792163,0,0,T68799,17.94862968979831,,S,0,1,1,Adult,High
866,0,1,"Harris, Master. William",male,35.98702916142991,0,0,T21885,55.13952602029622,C7,S,1,1,1,Middle-aged,Very High
867,1,3,"Wilson, Miss. Bertha",female,14.67142654433965,1,0,T40358,0.8154908861013241,,S,0,2,0,Teen,Low
868,1,3,"Jones, Ms. Emma",female,13.60348027775629,0,0,T66967,5.13277411961734,,S,0,1,1,Teen,Low
869,0,3,"Wilson, Mr. Charles",male,32.048731152455986,0,0,T83758,11.240150814219689,,S,0,1,1,Adult,High
870,1,3,"Miller, Mrs. Elizabeth",female,14.490466181276824,0,0,T72969,9.69129492078442,,S,0,1,1,Teen,Medium
871,0,3,"Thomas, Rev. George",male,22.77099973224912,1,0,T24002,2.7598952826653544,,S,0,2,0,Adult,Low
872,0,1,"Moore, Mr. James",male,35.6801369206294,0,0,T31952,77.6048254174119,C38,S,1,1,1,Middle-aged,Very High
873,1,1,"Miller, Master. John",male,35.98702916142991,0,0,T16416,64.8629287558318,B44,S,1,1,1,Middle-aged,Very High
874,1,3,"Davis, Mrs. Emma",female,16.471516204189854,0,1,T90636,6.567404140880706,,S,0,2,0,Teen,Medium
875,0,2,"Davis, Master. Charles",male,30.422820749467945,0,0,T65332,13.016710542854678,,S,0,1,1,Adult,High
876,0,3,"Jones, Rev. Henry",male,8.820093951163187,0,0,T29796,1.17642678400067,,S,0,1,1,Child,Low
877,0,2,"Johnson, Rev. Charles",male,18.713595011382072,1,0,T17464,16.001756229424732,,Q,0,2,0,Adult,High
878,0,3,"Wilson, Mr. Henry",male,15.487770211151508,0,0,T25234,4.999998984934953,,S,0,1,1,Teen,Low
879,0,3,"Williams, Rev. James",male,15.538940150481409,0,0,T65372,12.121234184063823,,S,0,1,1,Teen,High
880,1,3,"White, Ms. Elizabeth",female,29.412354853177888,1,0,T16259,5.86830585227592,,S,0,2,0,Adult,Medium
881,0,3,"Williams, Rev. Henry",male,27.22149068924241,1,0,T83844,6.511956366914771,,Q,0,2,0,Adult,Medium
882,1,2,"Brown, Mrs. Alice",female,27.496699342259365,2,0,T12379,27.197110560065024,,S,0,3,0,Adult,Very High
883,1,2,"Davis, Miss. Margaret",female,38.76133264946438,0,0,T39945,11.866395748812067,,S,0,1,1,Middle-aged,High
884,1,3,"Johnson, Ms. Alice",female,7.767970761918207,0,0,T13065,1.2528379884887668,,S,0,1,1,Child,Low
885,0,3,"Moore, Rev. Frank",male,31.703737965462626,3,0,T40716,1.439943914246817,,S,0,4,0,Adult,Low
886,0,3,"Miller, Rev. George",male,36.67967861045352,0,1,T22420,9.74088919242888,,S,0,2,0,Middle-aged,Medium
887,0,3,"Wilson, Mr. James",male,23.198357041576003,1,0,T78206,15.131469119807823,,S,0,2,0,Adult,High
888,0,2,"Davis, Mr. William",male,20.445984262745192,0,0,T59862,19.821005254036848,,Q,0,1,1,Adult,High
889,0,1,"Harris, Rev. George",male,35.98702916142991,2,0,T50430,77.87604145784034,,S,0,3,0,Middle-aged,Very High
890,0,1,"Jones, Master. Henry",male,18.0,0,2,T70558,58.45263637872572,B42,C,1,3,0,Teen,Very High
891,1,2,"Harris, Master. Charles",male,15.014890732561724,1,0,T61163,10.453217708564264,,S,0,2,0,Teen,Medium
